Begin Date,Begin Time,End Date,End Time,Alarm Tag,Alarm ID,Alarm TagAlarm ID,Alarm Type,Alarm Priority,Description
07-12-16,4:00:09,07-12-16,4:01:01,ANA10026,T1,ANA10026T1,TOLERANCE,N/A,Limit Signal 4
07-12-16,4:00:30,07-12-16,4:01:01,ANA10028,Q1,ANA10028Q1,I&C ALARM,N/A,Limit Signal 5
07-12-16,4:00:51,07-12-16,4:01:01,ASMON10001,XA00_HW,ASMON10001XA00_HW,MANUAL OPERATOR RESPONSE,N/A,Limit Signal 6
07-12-16,4:01:03,07-12-16,4:02:50,ASMON10002,XA01,ASMON10002XA01,ALARM,N/A,Limit Signal 1
07-12-16,4:01:22,07-12-16,4:02:50,ASMON10003,XA02,ASMON10003XA02,WARNING,N/A,Limit Signal 2
07-12-16,4:01:42,07-12-16,4:02:50,ASMON10004,XH01,ASMON10004XH01,WARNING,N/A,Limit Signal 3
07-12-16,4:02:02,07-12-16,4:02:50,ASMON10005,XH03,ASMON10005XH03,TOLERANCE,N/A,Limit Signal 4
07-12-16,4:02:21,07-12-16,4:02:50,ASMON10003,XA02,ASMON10003XA02,I&C ALARM,N/A,Limit Signal 5
07-12-16,4:02:41,07-12-16,4:02:50,ASMON10007,XH52,ASMON10007XH52,MANUAL OPERATOR RESPONSE,N/A,Limit Signal 6
07-12-16,4:02:52,07-12-16,4:04:34,ASMON10008,XM23,ASMON10008XM23,ALARM,N/A,Limit Signal 1
07-12-16,4:03:10,07-12-16,4:04:34,ASMON10009,XQ01,ASMON10009XQ01,WARNING,N/A,Limit Signal 2
07-12-16,4:03:29,07-12-16,4:04:34,ASMON10010,XA00_HW,ASMON10010XA00_HW,WARNING,N/A,Limit Signal 3
07-12-16,4:03:47,07-12-16,4:04:34,ASMON10011,XA01,ASMON10011XA01,TOLERANCE,N/A,Limit Signal 4
07-12-16,4:04:06,07-12-16,4:04:34,ASMON10012,XA02,ASMON10012XA02,I&C ALARM,N/A,Limit Signal 5
07-12-16,4:04:25,07-12-16,4:04:34,ASMON10013,XH01,ASMON10013XH01,MANUAL OPERATOR RESPONSE,N/A,Limit Signal 6
07-12-16,4:04:36,07-12-16,4:06:13,ASMON10014,XH03,ASMON10014XH03,ALARM,N/A,Limit Signal 1
07-12-16,4:04:53,07-12-16,4:06:13,ASMON10015,XH05,ASMON10015XH05,WARNING,N/A,Limit Signal 2
07-12-16,4:05:11,07-12-16,4:06:13,ASMON10016,XH52,ASMON10016XH52,WARNING,N/A,Limit Signal 3
07-12-16,4:05:29,07-12-16,4:06:13,ASMON10017,XM23,ASMON10017XM23,TOLERANCE,N/A,Limit Signal 4
07-12-16,4:05:47,07-12-16,4:06:13,ASMON10018,XQ01,ASMON10018XQ01,I&C ALARM,N/A,Limit Signal 5
07-12-16,4:06:04,07-12-16,4:06:13,ASMON10019,XA00_HW,ASMON10019XA00_HW,MANUAL OPERATOR RESPONSE,N/A,Limit Signal 6
07-12-16,4:06:15,07-12-16,4:07:48,ASMON10020,XA01,ASMON10020XA01,ALARM,N/A,Limit Signal 1
07-12-16,4:06:31,07-12-16,4:07:48,ASMON10021,XA02,ASMON10021XA02,WARNING,N/A,Limit Signal 2
07-12-16,4:06:48,07-12-16,4:07:48,ASMON10022,XH01,ASMON10022XH01,WARNING,N/A,Limit Signal 3
07-12-16,4:07:05,07-12-16,4:07:48,ASMON10023,XH03,ASMON10023XH03,TOLERANCE,N/A,Limit Signal 4
07-12-16,4:07:23,07-12-16,4:07:48,ASMON10008,XM23,ASMON10008XM23,I&C ALARM,N/A,Limit Signal 5
07-12-16,4:07:39,07-12-16,4:07:48,ASMON10025,XH52,ASMON10025XH52,MANUAL OPERATOR RESPONSE,N/A,Limit Signal 6
07-12-16,4:07:50,07-12-16,4:09:19,ASMON10026,XM23,ASMON10026XM23,ALARM,N/A,Limit Signal 1
07-12-16,4:08:05,07-12-16,4:09:19,ASMON10027,XQ01,ASMON10027XQ01,WARNING,N/A,Limit Signal 2
07-12-16,4:08:22,07-12-16,4:09:19,ASMON10028,XA00_HW,ASMON10028XA00_HW,WARNING,N/A,Limit Signal 3
07-12-16,4:08:38,07-12-16,4:09:19,ASMON10029,XA01,ASMON10029XA01,TOLERANCE,N/A,Limit Signal 4
07-12-16,4:08:55,07-12-16,4:09:19,ASMON10015,XH05,ASMON10015XH05,I&C ALARM,N/A,Limit Signal 5
07-12-16,4:09:11,07-12-16,4:09:19,ASMON10031,XH01,ASMON10031XH01,MANUAL OPERATOR RESPONSE,N/A,Limit Signal 6
07-12-16,4:09:21,07-12-16,4:10:47,ASMON10032,XH03,ASMON10032XH03,ALARM,N/A,Limit Signal 1
07-12-16,4:09:36,07-12-16,4:10:47,ASMON10033,XH05,ASMON10033XH05,WARNING,N/A,Limit Signal 2
07-12-16,4:09:52,07-12-16,4:10:47,BSMON10001,XA00_HW,BSMON10001XA00_HW,WARNING,N/A,Limit Signal 3
07-12-16,4:10:08,07-12-16,4:10:47,BSMON10002,XA01,BSMON10002XA01,TOLERANCE,N/A,Limit Signal 4
07-12-16,4:10:23,07-12-16,4:10:47,BSMON10003,XA02,BSMON10003XA02,I&C ALARM,N/A,Limit Signal 5
07-12-16,4:10:39,07-12-16,4:10:47,BSMON10004,XH01,BSMON10004XH01,MANUAL OPERATOR RESPONSE,N/A,Limit Signal 6
07-12-16,4:10:49,07-12-16,4:12:12,BSMON10005,XH03,BSMON10005XH03,ALARM,N/A,Limit Signal 1
07-12-16,4:11:03,07-12-16,4:12:12,BSMON10006,XH05,BSMON10006XH05,WARNING,N/A,Limit Signal 2
07-12-16,4:11:19,07-12-16,4:12:12,BSMON10007,XH52,BSMON10007XH52,WARNING,N/A,Limit Signal 3
07-12-16,4:11:34,07-12-16,4:12:12,BSMON10008,XM23,BSMON10008XM23,TOLERANCE,N/A,Limit Signal 4
07-12-16,4:11:49,07-12-16,4:12:12,BSMON10009,XQ01,BSMON10009XQ01,I&C ALARM,N/A,Limit Signal 5
07-12-16,4:12:04,07-12-16,4:12:12,BSMON10010,XA00_HW,BSMON10010XA00_HW,MANUAL OPERATOR RESPONSE,N/A,Limit Signal 6
07-12-16,4:12:14,07-12-16,4:13:35,BSMON10011,XA01,BSMON10011XA01,ALARM,N/A,Limit Signal 1
07-12-16,4:12:28,07-12-16,4:13:35,BSMON10012,XA02,BSMON10012XA02,WARNING,N/A,Limit Signal 2
07-12-16,4:12:43,07-12-16,4:13:35,BSMON10013,XH01,BSMON10013XH01,WARNING,N/A,Limit Signal 3
07-12-16,4:12:57,07-12-16,4:13:35,BSMON10014,XH03,BSMON10014XH03,TOLERANCE,N/A,Limit Signal 4
07-12-16,4:13:12,07-12-16,4:13:35,BSMON10001,XA00_HW,BSMON10001XA00_HW,I&C ALARM,N/A,Limit Signal 5
07-12-16,4:13:27,07-12-16,4:13:35,BSMON10016,XH52,BSMON10016XH52,MANUAL OPERATOR RESPONSE,N/A,Limit Signal 6
07-12-16,4:13:37,07-12-16,4:14:55,BSMON10017,XM23,BSMON10017XM23,ALARM,N/A,Limit Signal 1
07-12-16,4:13:50,07-12-16,4:14:55,BSMON10018,XQ01,BSMON10018XQ01,WARNING,N/A,Limit Signal 2
07-12-16,4:14:05,07-12-16,4:14:55,BSMON10019,XA00_HW,BSMON10019XA00_HW,WARNING,N/A,Limit Signal 3
07-12-16,4:14:19,07-12-16,4:14:55,BSMON10020,XA01,BSMON10020XA01,TOLERANCE,N/A,Limit Signal 4
07-12-16,4:14:33,07-12-16,4:14:55,BSMON10001,XA00_HW,BSMON10001XA00_HW,I&C ALARM,N/A,Limit Signal 5
07-12-16,4:14:48,07-12-16,4:14:55,BSMON10001,XA00_HW,BSMON10001XA00_HW,MANUAL OPERATOR RESPONSE,N/A,Limit Signal 6
07-12-16,4:14:57,07-12-16,4:16:13,BSMON10023,XH03,BSMON10023XH03,ALARM,N/A,Limit Signal 1
07-12-16,4:15:10,07-12-16,4:16:13,BSMON10024,XH05,BSMON10024XH05,WARNING,N/A,Limit Signal 2
07-12-16,4:15:24,07-12-16,4:16:13,BSMON10001,XA00_HW,BSMON10001XA00_HW,WARNING,N/A,Limit Signal 3
07-12-16,4:15:38,07-12-16,4:16:13,BSMON10026,XM23,BSMON10026XM23,TOLERANCE,N/A,Limit Signal 4
07-12-16,4:15:52,07-12-16,4:16:13,BSMON10027,XQ01,BSMON10027XQ01,I&C ALARM,N/A,Limit Signal 5
07-12-16,4:16:06,07-12-16,4:16:13,BSMON10001,XA00_HW,BSMON10001XA00_HW,MANUAL OPERATOR RESPONSE,N/A,Limit Signal 6
07-12-16,4:16:15,07-12-16,4:17:29,BSMON10029,XA01,BSMON10029XA01,ALARM,N/A,Limit Signal 1
07-12-16,4:16:27,07-12-16,4:17:29,BSMON10030,XA02,BSMON10030XA02,WARNING,N/A,Limit Signal 2
07-12-16,4:16:41,07-12-16,4:17:29,BSMON10001,XA00_HW,BSMON10001XA00_HW,WARNING,N/A,Limit Signal 3
07-12-16,4:16:55,07-12-16,4:17:29,BSMON10032,XH03,BSMON10032XH03,TOLERANCE,N/A,Limit Signal 4
07-12-16,4:17:08,07-12-16,4:17:29,ASMON10020,XA01,ASMON10020XA01,I&C ALARM,N/A,Limit Signal 5
07-12-16,4:17:22,07-12-16,4:17:29,ASMON10021,XA02,ASMON10021XA02,MANUAL OPERATOR RESPONSE,N/A,Limit Signal 6
07-12-16,4:17:31,07-12-16,4:18:43,BSMON10001,XA00_HW,BSMON10001XA00_HW,ALARM,N/A,Limit Signal 1
07-12-16,4:17:43,07-12-16,4:18:43,BSMON10001,XA00_HW,BSMON10001XA00_HW,WARNING,N/A,Limit Signal 2
07-12-16,4:17:56,07-12-16,4:18:43,ASMON10024,XH05,ASMON10024XH05,WARNING,N/A,Limit Signal 3
07-12-16,4:18:10,07-12-16,4:18:43,BSMON10001,XA00_HW,BSMON10001XA00_HW,TOLERANCE,N/A,Limit Signal 4
07-12-16,4:18:23,07-12-16,4:18:43,BSMON10033,XH05,BSMON10033XH05,I&C ALARM,N/A,Limit Signal 5
07-12-16,4:18:36,07-12-16,4:18:43,BSMON10034,XH06,BSMON10034XH06,MANUAL OPERATOR RESPONSE,N/A,Limit Signal 6
07-12-16,4:18:45,07-12-16,4:19:55,BSMON10035,XH07,BSMON10035XH07,ALARM,N/A,Limit Signal 1
07-12-16,4:18:57,07-12-16,4:19:55,BSMON10036,XH08,BSMON10036XH08,WARNING,N/A,Limit Signal 2
07-12-16,4:19:10,07-12-16,4:19:55,BSMON10037,XH09,BSMON10037XH09,WARNING,N/A,Limit Signal 3
07-12-16,4:19:23,07-12-16,4:19:55,BSMON10001,XA00_HW,BSMON10001XA00_HW,TOLERANCE,N/A,Limit Signal 4
07-12-16,4:19:36,07-12-16,4:19:55,BSMON10039,XH11,BSMON10039XH11,I&C ALARM,N/A,Limit Signal 5
07-12-16,4:19:49,07-12-16,4:19:55,BSMON10040,XH12,BSMON10040XH12,MANUAL OPERATOR RESPONSE,N/A,Limit Signal 6
07-12-16,4:19:57,07-12-16,4:21:06,BSMON10041,XH13,BSMON10041XH13,ALARM,N/A,Limit Signal 1
07-12-16,4:20:08,07-12-16,4:21:06,BSMON10042,XH14,BSMON10042XH14,WARNING,N/A,Limit Signal 2
07-12-16,4:20:21,07-12-16,4:21:06,ASMON10005,XH03,ASMON10005XH03,WARNING,N/A,Limit Signal 3
07-12-16,4:20:34,07-12-16,4:21:06,ASMON10005,XH03,ASMON10005XH03,TOLERANCE,N/A,Limit Signal 4
07-12-16,4:20:46,07-12-16,4:21:06,ASMON10005,XH03,ASMON10005XH03,I&C ALARM,N/A,Limit Signal 5
07-12-16,4:20:59,07-12-16,4:21:06,ASMON10005,XH03,ASMON10005XH03,MANUAL OPERATOR RESPONSE,N/A,Limit Signal 6
07-12-16,4:21:08,07-12-16,4:22:15,ASMON10005,XH03,ASMON10005XH03,ALARM,N/A,Limit Signal 1
07-12-16,4:21:19,07-12-16,4:22:15,ASMON10005,XH03,ASMON10005XH03,WARNING,N/A,Limit Signal 2
07-12-16,4:21:32,07-12-16,4:22:15,ASMON10005,XH03,ASMON10005XH03,WARNING,N/A,Limit Signal 3
07-12-16,4:21:44,07-12-16,4:22:15,BSMON10001,XA00_HW,BSMON10001XA00_HW,TOLERANCE,N/A,Limit Signal 4
07-12-16,4:21:56,07-12-16,4:22:15,ASMON10024,XH05,ASMON10024XH05,I&C ALARM,N/A,Limit Signal 5
07-12-16,4:22:09,07-12-16,4:22:15,BSMON10001,XA00_HW,BSMON10001XA00_HW,MANUAL OPERATOR RESPONSE,N/A,Limit Signal 6
07-12-16,4:22:17,07-12-16,4:23:23,BSMON10033,XH05,BSMON10033XH05,ALARM,N/A,Limit Signal 1
07-12-16,4:22:28,07-12-16,4:23:23,BSMON10034,XH06,BSMON10034XH06,WARNING,N/A,Limit Signal 2
07-12-16,4:22:40,07-12-16,4:23:23,BSMON10035,XH07,BSMON10035XH07,WARNING,N/A,Limit Signal 3
07-12-16,4:22:52,07-12-16,4:23:23,BSMON10036,XH08,BSMON10036XH08,TOLERANCE,N/A,Limit Signal 4
07-12-16,4:23:04,07-12-16,4:23:23,BSMON10037,XH09,BSMON10037XH09,I&C ALARM,N/A,Limit Signal 5
07-12-16,4:23:16,07-12-16,4:23:23,BSMON10001,XA00_HW,BSMON10001XA00_HW,MANUAL OPERATOR RESPONSE,N/A,Limit Signal 6
07-12-16,4:23:25,07-12-16,4:24:30,BSMON10039,XH11,BSMON10039XH11,ALARM,N/A,Limit Signal 1
07-12-16,4:23:36,07-12-16,4:24:30,BSMON10040,XH12,BSMON10040XH12,WARNING,N/A,Limit Signal 2
07-12-16,4:23:47,07-12-16,4:24:30,ASMON10008,XM23,ASMON10008XM23,WARNING,N/A,Limit Signal 3
07-12-16,4:23:59,07-12-16,4:24:30,ASMON10005,XH03,ASMON10005XH03,TOLERANCE,N/A,Limit Signal 4
07-12-16,4:24:11,07-12-16,4:24:30,ASMON10005,XH03,ASMON10005XH03,I&C ALARM,N/A,Limit Signal 5
07-12-16,4:24:23,07-12-16,4:24:30,ASMON10005,XH03,ASMON10005XH03,MANUAL OPERATOR RESPONSE,N/A,Limit Signal 6
07-12-16,4:24:32,07-12-16,4:25:35,ASMON10005,XH03,ASMON10005XH03,ALARM,N/A,Limit Signal 1
07-12-16,4:24:42,07-12-16,4:25:35,ASMON10005,XH03,ASMON10005XH03,WARNING,N/A,Limit Signal 2
07-12-16,4:24:54,07-12-16,4:25:35,ASMON10005,XH03,ASMON10005XH03,WARNING,N/A,Limit Signal 3
07-12-16,4:25:06,07-12-16,4:25:35,ASMON10005,XH03,ASMON10005XH03,TOLERANCE,N/A,Limit Signal 4
07-12-16,4:25:17,07-12-16,4:25:35,BSMON10011,XA01,BSMON10011XA01,I&C ALARM,N/A,Limit Signal 5
07-12-16,4:25:29,07-12-16,4:25:35,BSMON10012,XA02,BSMON10012XA02,MANUAL OPERATOR RESPONSE,N/A,Limit Signal 6
07-12-16,4:25:37,07-12-16,4:26:39,ASMON10017,XM23,ASMON10017XM23,ALARM,N/A,Limit Signal 1
07-12-16,4:25:47,07-12-16,4:26:39,ASMON10009,XQ01,ASMON10009XQ01,WARNING,N/A,Limit Signal 2
07-12-16,4:25:59,07-12-16,4:26:39,ASMON10005,XH03,ASMON10005XH03,WARNING,N/A,Limit Signal 3
07-12-16,4:26:10,07-12-16,4:26:39,ASMON10005,XH03,ASMON10005XH03,TOLERANCE,N/A,Limit Signal 4
07-12-16,4:26:21,07-12-16,4:26:39,ASMON10005,XH03,ASMON10005XH03,I&C ALARM,N/A,Limit Signal 5
07-12-16,4:26:33,07-12-16,4:26:39,ASMON10005,XH03,ASMON10005XH03,MANUAL OPERATOR RESPONSE,N/A,Limit Signal 6
07-12-16,4:26:41,07-12-16,4:27:42,ASMON10005,XH03,ASMON10005XH03,ALARM,N/A,Limit Signal 1
07-12-16,4:26:51,07-12-16,4:27:42,ASMON10005,XH03,ASMON10005XH03,WARNING,N/A,Limit Signal 2
07-12-16,4:27:02,07-12-16,4:27:42,ASMON10005,XH03,ASMON10005XH03,WARNING,N/A,Limit Signal 3
07-12-16,4:27:13,07-12-16,4:27:42,ASMON10009,XQ01,ASMON10009XQ01,TOLERANCE,N/A,Limit Signal 4
07-12-16,4:27:25,07-12-16,4:27:42,BSMON10016,XH52,BSMON10016XH52,I&C ALARM,N/A,Limit Signal 5
07-12-16,4:27:36,07-12-16,4:27:42,ASMON10005,XH03,ASMON10005XH03,MANUAL OPERATOR RESPONSE,N/A,Limit Signal 6
07-12-16,4:27:44,07-12-16,4:28:44,ASMON10005,XH03,ASMON10005XH03,ALARM,N/A,Limit Signal 1
07-12-16,4:27:54,07-12-16,4:28:44,ASMON10005,XH03,ASMON10005XH03,WARNING,N/A,Limit Signal 2
07-12-16,4:28:05,07-12-16,4:28:44,ASMON10005,XH03,ASMON10005XH03,WARNING,N/A,Limit Signal 3
07-12-16,4:28:16,07-12-16,4:28:44,ASMON10005,XH03,ASMON10005XH03,TOLERANCE,N/A,Limit Signal 4
07-12-16,4:28:27,07-12-16,4:28:44,ASMON10005,XH03,ASMON10005XH03,I&C ALARM,N/A,Limit Signal 5
07-12-16,4:28:38,07-12-16,4:28:44,ASMON10005,XH03,ASMON10005XH03,MANUAL OPERATOR RESPONSE,N/A,Limit Signal 6
07-12-16,4:28:45,07-12-16,4:29:45,ASMON10006,XH04,ASMON10006XH04,ALARM,N/A,Limit Signal 1
07-12-16,4:28:55,07-12-16,4:29:45,ASMON10007,XH05,ASMON10007XH05,WARNING,N/A,Limit Signal 2
07-12-16,4:29:06,07-12-16,4:29:45,ASMON10021,XH01,ASMON10021XH01,WARNING,N/A,Limit Signal 3
07-12-16,4:29:17,07-12-16,4:29:45,ASMON10021,XH01,ASMON10021XH01,TOLERANCE,N/A,Limit Signal 4
07-12-16,4:29:28,07-12-16,4:29:45,ASMON10021,XH01,ASMON10021XH01,I&C ALARM,N/A,Limit Signal 5
07-12-16,4:29:39,07-12-16,4:29:45,ASMON10021,XH01,ASMON10021XH01,MANUAL OPERATOR RESPONSE,N/A,Limit Signal 6
07-12-16,4:29:46,07-12-16,4:30:45,ASMON10021,XH01,ASMON10021XH01,ALARM,N/A,Limit Signal 1
07-12-16,4:29:56,07-12-16,4:30:45,ASMON10021,XH01,ASMON10021XH01,WARNING,N/A,Limit Signal 2
07-12-16,4:30:07,07-12-16,4:30:45,ASMON10021,XH01,ASMON10021XH01,WARNING,N/A,Limit Signal 3
07-12-16,4:30:18,07-12-16,4:30:45,ASMON10021,XH01,ASMON10021XH01,TOLERANCE,N/A,Limit Signal 4
07-12-16,4:30:28,07-12-16,4:30:45,ASMON10021,XH01,ASMON10021XH01,I&C ALARM,N/A,Limit Signal 5
07-12-16,4:30:39,07-12-16,4:30:45,ASMON10021,XH01,ASMON10021XH01,MANUAL OPERATOR RESPONSE,N/A,Limit Signal 6
07-12-16,4:30:46,07-12-16,4:31:44,ASMON10021,XH01,ASMON10021XH01,ALARM,N/A,Limit Signal 1
07-12-16,4:30:56,07-12-16,4:31:44,ASMON10021,XH01,ASMON10021XH01,WARNING,N/A,Limit Signal 2
07-12-16,4:31:07,07-12-16,4:31:44,ASMON10021,XH01,ASMON10021XH01,WARNING,N/A,Limit Signal 3
07-12-16,4:31:17,07-12-16,4:31:44,ASMON10021,XH01,ASMON10021XH01,TOLERANCE,N/A,Limit Signal 4
07-12-16,4:31:28,07-12-16,4:31:44,ASMON10021,XH01,ASMON10021XH01,I&C ALARM,N/A,Limit Signal 5
07-12-16,4:31:38,07-12-16,4:31:44,ASMON10021,XH01,ASMON10021XH01,MANUAL OPERATOR RESPONSE,N/A,Limit Signal 6
07-12-16,4:31:45,07-12-16,4:32:42,ASMON10021,XH01,ASMON10021XH01,ALARM,N/A,Limit Signal 1
07-12-16,4:31:55,07-12-16,4:32:42,ASMON10021,XH01,ASMON10021XH01,WARNING,N/A,Limit Signal 2
07-12-16,4:32:05,07-12-16,4:32:42,ASMON10021,XH01,ASMON10021XH01,WARNING,N/A,Limit Signal 3
07-12-16,4:32:16,07-12-16,4:32:42,ASMON10021,XH01,ASMON10021XH01,TOLERANCE,N/A,Limit Signal 4
07-12-16,4:32:26,07-12-16,4:32:42,ASMON10021,XH01,ASMON10021XH01,I&C ALARM,N/A,Limit Signal 5
07-12-16,4:32:36,07-12-16,4:32:42,ASMON10021,XH01,ASMON10021XH01,MANUAL OPERATOR RESPONSE,N/A,Limit Signal 6
07-12-16,4:32:43,07-12-16,4:33:39,ASMON10021,XH01,ASMON10021XH01,ALARM,N/A,Limit Signal 1
07-12-16,4:32:53,07-12-16,4:33:39,ASMON10021,XH01,ASMON10021XH01,WARNING,N/A,Limit Signal 2
07-12-16,4:33:03,07-12-16,4:33:39,ASMON10021,XH01,ASMON10021XH01,WARNING,N/A,Limit Signal 3
07-12-16,4:33:13,07-12-16,4:33:39,ASMON10021,XH01,ASMON10021XH01,TOLERANCE,N/A,Limit Signal 4
07-12-16,4:33:23,07-12-16,4:33:39,ASMON10021,XH01,ASMON10021XH01,I&C ALARM,N/A,Limit Signal 5
07-12-16,4:33:34,07-12-16,4:33:39,ASMON10021,XH01,ASMON10021XH01,MANUAL OPERATOR RESPONSE,N/A,Limit Signal 6
07-12-16,4:33:40,07-12-16,4:34:35,ASMON10021,XH01,ASMON10021XH01,ALARM,N/A,Limit Signal 1
07-12-16,4:33:50,07-12-16,4:34:35,ASMON10021,XH01,ASMON10021XH01,WARNING,N/A,Limit Signal 2
07-12-16,4:34:00,07-12-16,4:34:35,BSMON10011,XA01,BSMON10011XA01,WARNING,N/A,Limit Signal 3
07-12-16,4:34:10,07-12-16,4:34:35,BSMON10011,XA01,BSMON10011XA01,TOLERANCE,N/A,Limit Signal 4
07-12-16,4:34:20,07-12-16,4:34:35,BSMON10011,XA01,BSMON10011XA01,I&C ALARM,N/A,Limit Signal 5
07-12-16,4:34:30,07-12-16,4:34:35,BSMON10011,XA01,BSMON10011XA01,MANUAL OPERATOR RESPONSE,N/A,Limit Signal 6
07-12-16,4:34:36,07-12-16,4:35:31,ASMON10021,XH01,ASMON10021XH01,ALARM,N/A,Limit Signal 1
07-12-16,4:34:45,07-12-16,4:35:31,ASMON10021,XH01,ASMON10021XH01,WARNING,N/A,Limit Signal 2
07-12-16,4:34:55,07-12-16,4:35:31,ASMON10021,XH01,ASMON10021XH01,WARNING,N/A,Limit Signal 3
07-12-16,4:35:05,07-12-16,4:35:31,ASMON10021,XH01,ASMON10021XH01,TOLERANCE,N/A,Limit Signal 4
07-12-16,4:35:15,07-12-16,4:35:31,ASMON10021,XH01,ASMON10021XH01,I&C ALARM,N/A,Limit Signal 5
07-12-16,4:35:25,07-12-16,4:35:31,ASMON10021,XH01,ASMON10021XH01,MANUAL OPERATOR RESPONSE,N/A,Limit Signal 6
07-12-16,4:35:32,07-12-16,4:36:26,ASMON10021,XH01,ASMON10021XH01,ALARM,N/A,Limit Signal 1
07-12-16,4:35:41,07-12-16,4:36:26,ASMON10021,XH01,ASMON10021XH01,WARNING,N/A,Limit Signal 2
07-12-16,4:35:51,07-12-16,4:36:26,ASMON10021,XH01,ASMON10021XH01,WARNING,N/A,Limit Signal 3
07-12-16,4:36:01,07-12-16,4:36:26,ASMON10021,XH01,ASMON10021XH01,TOLERANCE,N/A,Limit Signal 4
07-12-16,4:36:11,07-12-16,4:36:26,ASMON10021,XH01,ASMON10021XH01,I&C ALARM,N/A,Limit Signal 5
07-12-16,4:36:20,07-12-16,4:36:26,ASMON10021,XH01,ASMON10021XH01,MANUAL OPERATOR RESPONSE,N/A,Limit Signal 6
07-12-16,4:36:27,07-12-16,4:37:20,ASMON10021,XH01,ASMON10021XH01,ALARM,N/A,Limit Signal 1
07-12-16,4:36:36,07-12-16,4:37:20,ASMON10021,XH01,ASMON10021XH01,WARNING,N/A,Limit Signal 2
07-12-16,4:36:46,07-12-16,4:37:20,ASMON10021,XH01,ASMON10021XH01,WARNING,N/A,Limit Signal 3
07-12-16,4:36:56,07-12-16,4:37:20,ASMON10021,XH01,ASMON10021XH01,TOLERANCE,N/A,Limit Signal 4
07-12-16,4:37:05,07-12-16,4:37:20,ASMON10021,XH01,ASMON10021XH01,I&C ALARM,N/A,Limit Signal 5
07-12-16,4:37:15,07-12-16,4:37:20,ASMON10021,XH01,ASMON10021XH01,MANUAL OPERATOR RESPONSE,N/A,Limit Signal 6
07-12-16,4:37:21,07-12-16,4:38:14,ASMON10021,XH01,ASMON10021XH01,ALARM,N/A,Limit Signal 1
07-12-16,4:37:30,07-12-16,4:38:14,ASMON10021,XH01,ASMON10021XH01,WARNING,N/A,Limit Signal 2
07-12-16,4:37:40,07-12-16,4:38:14,BSMON10034,XH06,BSMON10034XH06,WARNING,N/A,Limit Signal 3
07-12-16,4:37:49,07-12-16,4:38:14,BSMON10034,XH06,BSMON10034XH06,TOLERANCE,N/A,Limit Signal 4
07-12-16,4:37:59,07-12-16,4:38:14,BSMON10034,XH06,BSMON10034XH06,I&C ALARM,N/A,Limit Signal 5
07-12-16,4:38:08,07-12-16,4:38:14,BSMON10034,XH06,BSMON10034XH06,MANUAL OPERATOR RESPONSE,N/A,Limit Signal 6
07-12-16,4:38:15,07-12-16,4:39:07,BSMON10034,XH06,BSMON10034XH06,ALARM,N/A,Limit Signal 1
07-12-16,4:38:24,07-12-16,4:39:07,BSMON10034,XH06,BSMON10034XH06,WARNING,N/A,Limit Signal 2
07-12-16,4:38:33,07-12-16,4:39:07,BSMON10034,XH06,BSMON10034XH06,WARNING,N/A,Limit Signal 3
07-12-16,4:38:43,07-12-16,4:39:07,BSMON10034,XH06,BSMON10034XH06,TOLERANCE,N/A,Limit Signal 4
07-12-16,4:38:52,07-12-16,4:39:07,BSMON10034,XH06,BSMON10034XH06,I&C ALARM,N/A,Limit Signal 5
07-12-16,4:39:02,07-12-16,4:39:07,BSMON10034,XH06,BSMON10034XH06,MANUAL OPERATOR RESPONSE,N/A,Limit Signal 6
07-12-16,4:39:08,07-12-16,4:39:59,BSMON10034,XH06,BSMON10034XH06,ALARM,N/A,Limit Signal 1
07-12-16,4:39:17,07-12-16,4:39:59,BSMON10034,XH06,BSMON10034XH06,WARNING,N/A,Limit Signal 2
07-12-16,4:39:26,07-12-16,4:39:59,BSMON10034,XH06,BSMON10034XH06,WARNING,N/A,Limit Signal 3
07-12-16,4:39:35,07-12-16,4:39:59,BSMON10034,XH06,BSMON10034XH06,TOLERANCE,N/A,Limit Signal 4
07-12-16,4:39:45,07-12-16,4:39:59,BSMON10034,XH06,BSMON10034XH06,I&C ALARM,N/A,Limit Signal 5
07-12-16,4:39:54,07-12-16,4:39:59,BSMON10034,XH06,BSMON10034XH06,MANUAL OPERATOR RESPONSE,N/A,Limit Signal 6
07-12-16,4:40:00,07-12-16,4:40:51,BSMON10034,XH06,BSMON10034XH06,ALARM,N/A,Limit Signal 1
07-12-16,4:40:09,07-12-16,4:40:51,ASMON10022,XA01,ASMON10022XA01,WARNING,N/A,Limit Signal 2
07-12-16,4:40:18,07-12-16,4:40:51,ASMON10022,XA02,ASMON10022XA02,WARNING,N/A,Limit Signal 3
07-12-16,4:40:27,07-12-16,4:40:51,ASMON10022,XH01,ASMON10022XH01,TOLERANCE,N/A,Limit Signal 4
07-12-16,4:40:36,07-12-16,4:40:51,ASMON10022,XH03,ASMON10022XH03,I&C ALARM,N/A,Limit Signal 5
07-12-16,4:40:45,07-12-16,4:40:51,ASMON10022,XH05,ASMON10022XH05,MANUAL OPERATOR RESPONSE,N/A,Limit Signal 6
07-12-16,4:40:52,07-12-16,4:41:42,ASMON10022,XH52,ASMON10022XH52,ALARM,N/A,Limit Signal 1
07-12-16,4:41:01,07-12-16,4:41:42,BSMON10034,XH06,BSMON10034XH06,WARNING,N/A,Limit Signal 2
07-12-16,4:41:10,07-12-16,4:41:42,BSMON10034,XH06,BSMON10034XH06,WARNING,N/A,Limit Signal 3
07-12-16,4:41:19,07-12-16,4:41:42,ASMON10021,XH01,ASMON10021XH01,TOLERANCE,N/A,Limit Signal 4
07-12-16,4:41:28,07-12-16,4:41:42,ASMON10022,XH02,ASMON10022XH02,I&C ALARM,N/A,Limit Signal 5
07-12-16,4:41:37,07-12-16,4:41:42,ASMON10023,XH03,ASMON10023XH03,MANUAL OPERATOR RESPONSE,N/A,Limit Signal 6
07-12-16,4:41:43,07-12-16,4:42:32,BSMON10034,XH06,BSMON10034XH06,ALARM,N/A,Limit Signal 1
07-12-16,4:41:52,07-12-16,4:42:32,BSMON10034,XH06,BSMON10034XH06,WARNING,N/A,Limit Signal 2
07-12-16,4:42:01,07-12-16,4:42:32,BSMON10034,XH06,BSMON10034XH06,WARNING,N/A,Limit Signal 3
07-12-16,4:42:09,07-12-16,4:42:32,BSMON10034,XH06,BSMON10034XH06,TOLERANCE,N/A,Limit Signal 4
07-12-16,4:42:18,07-12-16,4:42:32,BSMON10034,XH06,BSMON10034XH06,I&C ALARM,N/A,Limit Signal 5
07-12-16,4:42:27,07-12-16,4:42:32,BSMON10034,XH06,BSMON10034XH06,MANUAL OPERATOR RESPONSE,N/A,Limit Signal 6
07-12-16,4:42:33,07-12-16,4:43:22,BSMON10034,XH06,BSMON10034XH06,ALARM,N/A,Limit Signal 1
07-12-16,4:42:41,07-12-16,4:43:22,BSMON10034,XH06,BSMON10034XH06,WARNING,N/A,Limit Signal 2
07-12-16,4:42:50,07-12-16,4:43:22,BSMON10034,XH06,BSMON10034XH06,WARNING,N/A,Limit Signal 3
07-12-16,4:42:59,07-12-16,4:43:22,BSMON10034,XH06,BSMON10034XH06,TOLERANCE,N/A,Limit Signal 4
07-12-16,4:43:08,07-12-16,4:43:22,BSMON10034,XH06,BSMON10034XH06,I&C ALARM,N/A,Limit Signal 5
07-12-16,4:43:17,07-12-16,4:43:22,BSMON10034,XH06,BSMON10034XH06,MANUAL OPERATOR RESPONSE,N/A,Limit Signal 6
07-12-16,4:43:23,07-12-16,4:44:11,BSMON10034,XH06,BSMON10034XH06,ALARM,N/A,Limit Signal 1
07-12-16,4:43:31,07-12-16,4:44:11,BSMON10034,XH06,BSMON10034XH06,WARNING,N/A,Limit Signal 2
07-12-16,4:43:40,07-12-16,4:44:11,BSMON10034,XH06,BSMON10034XH06,WARNING,N/A,Limit Signal 3