Begin Date,Begin Time,End Date,End Time,Alarm Tag,Alarm Id,
12/7/2016,4:00:09,12/7/2016,4:01:01,AlarmRateRamp|10356,Q4,
12/7/2016,4:00:30,12/7/2016,4:01:01,AlarmRateRamp|10357,Q5,
12/7/2016,4:00:51,12/7/2016,4:01:01,AlarmRateRamp|10358,Q6,
12/7/2016,4:01:03,12/7/2016,4:02:50,AlarmRateRamp|10359,Q1,
12/7/2016,4:01:22,12/7/2016,4:02:50,ASMON10005,XH03,
12/7/2016,4:01:42,12/7/2016,4:02:50,ASMON10003,XA02,
12/7/2016,4:02:02,12/7/2016,4:02:50,ASMON10007,XH52,
12/7/2016,4:02:21,12/7/2016,4:02:50,ASMON10008,XM23,
12/7/2016,4:02:41,12/7/2016,4:02:50,ASMON10009,XQ01,
12/7/2016,4:02:52,12/7/2016,4:04:34,ASMON10010,XA00_HW,
12/7/2016,4:03:10,12/7/2016,4:04:34,ASMON10011,XA01,
12/7/2016,4:03:29,12/7/2016,4:04:34,AlarmRateRamp|10356,Q3,
12/7/2016,4:03:47,12/7/2016,4:04:34,ASMON10018,XQ01,
12/7/2016,4:04:06,12/7/2016,4:04:34,ASMON10019,XA00_HW,
12/7/2016,4:04:25,12/7/2016,4:04:34,ASMON10020,XA01,
12/7/2016,4:04:36,12/7/2016,4:06:13,ASMON10021,XA02,
12/7/2016,4:04:53,12/7/2016,4:06:13,AlarmRateRamp|10356,XA02,
12/7/2016,4:05:11,12/7/2016,4:06:13,AlarmRateRamp|10356,XH52,
12/7/2016,4:05:29,12/7/2016,4:06:13,AlarmRateRamp|10356,XM23,
12/7/2016,4:05:47,12/7/2016,4:06:13,AlarmRateRamp|10357,XQ01,
12/7/2016,4:06:04,12/7/2016,4:06:13,AlarmRateRamp|10358,XA02,
12/7/2016,4:06:15,12/7/2016,4:07:48,AlarmRateRamp|10359,XH52,
12/7/2016,4:06:31,12/7/2016,4:07:48,AlarmRateRamp|10360,XM23,
12/7/2016,4:06:48,12/7/2016,4:07:48,AlarmRateRamp|10361,XQ01,
12/7/2016,4:07:05,12/7/2016,4:07:48,AlarmRateRamp|10362,XQ02,
12/7/2016,4:07:23,12/7/2016,4:07:48,AlarmRateRamp|10356,XQ03,
12/7/2016,4:07:39,12/7/2016,4:07:48,AlarmRateRamp|10356,Q6,
12/7/2016,4:07:50,12/7/2016,4:09:19,AlarmRateRamp|10356,Q1,
12/7/2016,4:08:05,12/7/2016,4:09:19,AlarmRateRamp|10356,Q2,
12/7/2016,4:08:22,12/7/2016,4:09:19,AlarmRateRamp|10356,Q3,
12/7/2016,4:08:38,12/7/2016,4:09:19,AlarmRateRamp|10356,Q4,
12/7/2016,4:08:55,12/7/2016,4:09:19,AlarmRateRamp|10356,Q5,
12/7/2016,4:09:11,12/7/2016,4:09:19,AlarmRateRamp|10356,Q6,
12/7/2016,4:09:21,12/7/2016,4:10:47,AlarmRateRamp|10356,Q1,
12/7/2016,4:09:36,12/7/2016,4:10:47,AlarmRateRamp|10356,Q2,
12/7/2016,4:09:52,12/7/2016,4:10:47,AlarmRateRamp|10356,Q3,
12/7/2016,4:10:08,12/7/2016,4:10:47,AlarmRateRamp|10356,Q4,
12/7/2016,4:10:23,12/7/2016,4:10:47,AlarmRateRamp|10356,Q5,
12/7/2016,4:10:39,12/7/2016,4:10:47,AlarmRateRamp|10356,Q6,
12/7/2016,4:10:49,12/7/2016,4:12:12,AlarmRateRamp|10356,Q1,
12/7/2016,4:11:03,12/7/2016,4:12:12,AlarmRateRamp|10356,Q2,
12/7/2016,4:11:19,12/7/2016,4:12:12,AlarmRateRamp|10356,Q3,
12/7/2016,4:11:34,12/7/2016,4:12:12,AlarmRateRamp|10356,Q4,
12/7/2016,4:11:49,12/7/2016,4:12:12,AlarmRateRamp|10356,Q5,
12/7/2016,4:12:04,12/7/2016,4:12:12,AlarmRateRamp|10356,Q6,
12/7/2016,4:12:14,12/7/2016,4:13:35,AlarmRateRamp|10356,Q1,
12/7/2016,4:12:28,12/7/2016,4:13:35,AlarmRateRamp|10356,Q2,
12/7/2016,4:12:43,12/7/2016,4:13:35,AlarmRateRamp|10356,Q3,
12/7/2016,4:12:57,12/7/2016,4:13:35,AlarmRateRamp|10356,Q4,
12/7/2016,4:13:12,12/7/2016,4:13:35,AlarmRateRamp|10356,Q5,
12/7/2016,4:13:27,12/7/2016,4:13:35,AlarmRateRamp|10356,Q6,
12/7/2016,4:13:37,12/7/2016,4:14:55,BSMON10011,XA01,
12/7/2016,4:13:50,12/7/2016,4:14:55,BSMON10012,XA02,
12/7/2016,4:14:05,12/7/2016,4:14:55,BSMON10013,XH01,
12/7/2016,4:14:19,12/7/2016,4:14:55,BSMON10014,XH03,
12/7/2016,4:14:33,12/7/2016,4:14:55,BSMON10001,XA00_HW,
12/7/2016,4:14:48,12/7/2016,4:14:55,AlarmRateRamp|10356,Q6,
12/7/2016,4:14:57,12/7/2016,4:16:13,AlarmRateRamp|10356,Q1,
12/7/2016,4:15:10,12/7/2016,4:16:13,AlarmRateRamp|10356,Q2,
12/7/2016,4:15:24,12/7/2016,4:16:13,AlarmRateRamp|10356,Q3,
12/7/2016,4:15:38,12/7/2016,4:16:13,AlarmRateRamp|10356,Q4,
12/7/2016,4:15:52,12/7/2016,4:16:13,AlarmRateRamp|10356,Q5,
12/7/2016,4:16:06,12/7/2016,4:16:13,AlarmRateRamp|10356,Q6,
12/7/2016,4:16:15,12/7/2016,4:17:29,AlarmRateRamp|10356,Q1,
12/7/2016,4:16:27,12/7/2016,4:17:29,AlarmRateRamp|10356,Q2,
12/7/2016,4:16:41,12/7/2016,4:17:29,BSMON10036,XH08,
12/7/2016,4:16:55,12/7/2016,4:17:29,BSMON10037,XH09,
12/7/2016,4:17:08,12/7/2016,4:17:29,BSMON10001,XA00_HW,
12/7/2016,4:17:22,12/7/2016,4:17:29,BSMON10039,XH11,
12/7/2016,4:17:31,12/7/2016,4:18:43,BSMON10040,XH12,
12/7/2016,4:17:43,12/7/2016,4:18:43,BSMON10041,XH13,
12/7/2016,4:17:56,12/7/2016,4:18:43,BSMON10042,XH14,
12/7/2016,4:18:10,12/7/2016,4:18:43,BSMON10043,XH15,
12/7/2016,4:18:23,12/7/2016,4:18:43,BSMON10044,XH16,
12/7/2016,4:18:36,12/7/2016,4:18:43,BSMON10045,XH17,
12/7/2016,4:18:45,12/7/2016,4:19:55,BSMON10046,XH18,
12/7/2016,4:18:57,12/7/2016,4:19:55,AlarmRateRamp|10356,Q2,
12/7/2016,4:19:10,12/7/2016,4:19:55,AlarmRateRamp|10356,Q3,
12/7/2016,4:19:23,12/7/2016,4:19:55,AlarmRateRamp|10356,Q4,
12/7/2016,4:19:36,12/7/2016,4:19:55,AlarmRateRamp|10356,Q5,
12/7/2016,4:19:49,12/7/2016,4:19:55,AlarmRateRamp|10356,Q6,
12/7/2016,4:19:57,12/7/2016,4:21:06,AlarmRateRamp|10356,Q1,
12/7/2016,4:20:08,12/7/2016,4:21:06,ASMON10005,XH03,
12/7/2016,4:20:21,12/7/2016,4:21:06,ASMON10005,XH03,
12/7/2016,4:20:34,12/7/2016,4:21:06,BSMON10001,XA00_HW,
12/7/2016,4:20:46,12/7/2016,4:21:06,ASMON10024,XH05,
12/7/2016,4:20:59,12/7/2016,4:21:06,BSMON10001,XA00_HW,
12/7/2016,4:21:08,12/7/2016,4:22:15,BSMON10033,XH05,
12/7/2016,4:21:19,12/7/2016,4:22:15,BSMON10034,XH06,
12/7/2016,4:21:32,12/7/2016,4:22:15,BSMON10035,XH07,
12/7/2016,4:21:44,12/7/2016,4:22:15,BSMON10036,XH08,
12/7/2016,4:21:56,12/7/2016,4:22:15,BSMON10037,XH09,
12/7/2016,4:22:09,12/7/2016,4:22:15,BSMON10001,XA00_HW,
12/7/2016,4:22:17,12/7/2016,4:23:23,BSMON10039,XH11,
12/7/2016,4:22:28,12/7/2016,4:23:23,AlarmRateRamp|10356,Q2,
12/7/2016,4:22:40,12/7/2016,4:23:23,AlarmRateRamp|10356,Q3,
12/7/2016,4:22:52,12/7/2016,4:23:23,AlarmRateRamp|10356,Q4,
12/7/2016,4:23:04,12/7/2016,4:23:23,AlarmRateRamp|10356,Q5,
12/7/2016,4:23:16,12/7/2016,4:23:23,AlarmRateRamp|10356,Q6,
12/7/2016,4:23:25,12/7/2016,4:24:30,AlarmRateRamp|10356,XA00_HW,
12/7/2016,4:23:36,12/7/2016,4:24:30,AlarmRateRamp|10356,Q2,
12/7/2016,4:23:47,12/7/2016,4:24:30,AlarmRateRamp|10356,Q3,
12/7/2016,4:23:59,12/7/2016,4:24:30,AlarmRateRamp|10356,Q4,
12/7/2016,4:24:11,12/7/2016,4:24:30,AlarmRateRamp|10356,XH09,
12/7/2016,4:24:23,12/7/2016,4:24:30,AlarmRateRamp|10357,XH10,
12/7/2016,4:24:32,12/7/2016,4:25:35,AlarmRateRamp|10358,XH11,
12/7/2016,4:24:42,12/7/2016,4:25:35,AlarmRateRamp|10359,XH12,
12/7/2016,4:24:54,12/7/2016,4:25:35,AlarmRateRamp|10360,XH13,
12/7/2016,4:25:06,12/7/2016,4:25:35,AlarmRateRamp|10361,XH14,
12/7/2016,4:25:17,12/7/2016,4:25:35,AlarmRateRamp|10362,XH15,
12/7/2016,4:25:29,12/7/2016,4:25:35,AlarmRateRamp|10363,XH16,
12/7/2016,4:25:37,12/7/2016,4:26:39,AlarmRateRamp|10364,XH17,
12/7/2016,4:25:47,12/7/2016,4:26:39,AlarmRateRamp|10365,XH18,
12/7/2016,4:25:59,12/7/2016,4:26:39,AlarmRateRamp|10356,XH19,
12/7/2016,4:26:10,12/7/2016,4:26:39,AlarmRateRamp|10356,XH20,
12/7/2016,4:26:21,12/7/2016,4:26:39,AlarmRateRamp|10356,XH21,
12/7/2016,4:26:33,12/7/2016,4:26:39,AlarmRateRamp|10356,Q6,
12/7/2016,4:26:41,12/7/2016,4:27:42,AlarmRateRamp|10356,Q1,
12/7/2016,4:26:51,12/7/2016,4:27:42,AlarmRateRamp|10356,Q2,
12/7/2016,4:36:27,12/7/2016,4:37:20,AlarmRateRamp|10356,Q3,
12/7/2016,4:36:36,12/7/2016,4:37:20,AlarmRateRamp|10356,Q4,
12/7/2016,4:36:46,12/7/2016,4:37:20,AlarmRateRamp|10356,Q5,
12/7/2016,4:36:56,12/7/2016,4:37:20,AlarmRateRamp|10356,Q6,
12/7/2016,4:37:05,12/7/2016,4:37:20,AlarmRateRamp|10356,Q1,
12/7/2016,4:37:15,12/7/2016,4:37:20,AlarmRateRamp|10356,Q2,
12/7/2016,4:37:21,12/7/2016,4:38:14,AlarmRateRamp|10356,Q3,
12/7/2016,4:37:30,12/7/2016,4:38:14,AlarmRateRamp|10356,Q4,
12/7/2016,4:37:40,12/7/2016,4:38:14,AlarmRateRamp|10356,Q5,
12/7/2016,4:37:49,12/7/2016,4:38:14,AlarmRateRamp|10356,Q6,
12/7/2016,4:37:59,12/7/2016,4:38:14,AlarmRateRamp|10356,Q1,
12/7/2016,4:38:08,12/7/2016,4:38:14,AlarmRateRamp|10356,Q2,
12/7/2016,4:38:15,12/7/2016,4:39:07,AlarmRateRamp|10356,Q3,
12/7/2016,4:38:24,12/7/2016,4:39:07,AlarmRateRamp|10356,Q4,
12/7/2016,4:38:33,12/7/2016,4:39:07,AlarmRateRamp|10356,Q5,
12/7/2016,4:38:43,12/7/2016,4:39:07,AlarmRateRamp|10356,Q6,
12/7/2016,4:38:52,12/7/2016,4:39:07,AlarmRateRamp|10356,Q1,
12/7/2016,4:39:02,12/7/2016,4:39:07,AlarmRateRamp|10356,Q2,
12/7/2016,4:39:08,12/7/2016,4:39:59,AlarmRateRamp|10356,Q3,
12/7/2016,4:39:17,12/7/2016,4:39:59,AlarmRateRamp|10356,Q4,
12/7/2016,4:39:26,12/7/2016,4:39:59,AlarmRateRamp|10356,Q5,
12/7/2016,4:39:35,12/7/2016,4:39:59,AlarmRateRamp|10356,Q6,
12/7/2016,4:39:45,12/7/2016,4:39:59,AlarmRateRamp|10356,Q1,
12/7/2016,4:39:54,12/7/2016,4:39:59,AlarmRateRamp|10356,Q2,
12/7/2016,4:40:00,12/7/2016,4:40:51,AlarmRateRamp|10356,Q3,
12/7/2016,4:40:09,12/7/2016,4:40:51,AlarmRateRamp|10356,Q4,
12/7/2016,4:40:18,12/7/2016,4:40:51,AlarmRateRamp|10356,Q5,
12/7/2016,4:40:27,12/7/2016,4:40:51,AlarmRateRamp|10356,Q6,
12/7/2016,4:40:36,12/7/2016,4:40:51,AlarmRateRamp|10356,Q1,
12/7/2016,4:40:45,12/7/2016,4:40:51,AlarmRateRamp|10356,Q2,
12/7/2016,4:40:52,12/7/2016,4:41:42,AlarmRateRamp|10356,Q3,
12/7/2016,4:41:01,12/7/2016,4:41:42,AlarmRateRamp|10356,Q4,
12/7/2016,4:41:10,12/7/2016,4:41:42,AlarmRateRamp|10356,Q5,
12/7/2016,4:41:19,12/7/2016,4:41:42,AlarmRateRamp|10356,Q6,
12/7/2016,4:41:28,12/7/2016,4:41:42,AlarmRateRamp|10356,Q1,
12/7/2016,4:41:37,12/7/2016,4:41:42,AlarmRateRamp|10356,Q2,
12/7/2016,4:41:43,12/7/2016,4:42:32,AlarmRateRamp|10356,Q3,
12/7/2016,4:41:52,12/7/2016,4:42:32,AlarmRateRamp|10356,Q4,
12/7/2016,4:42:01,12/7/2016,4:42:32,AlarmRateRamp|10356,Q5,
12/7/2016,4:42:09,12/7/2016,4:42:32,AlarmRateRamp|10356,Q6,
12/7/2016,4:42:18,12/7/2016,4:42:32,AlarmRateRamp|10356,Q1,
12/7/2016,4:42:27,12/7/2016,4:42:32,AlarmRateRamp|10356,Q2,
12/7/2016,4:42:33,12/7/2016,4:43:22,AlarmRateRamp|10356,Q3,
12/7/2016,4:34:10,12/7/2016,4:34:35,AlarmRateRamp|10356,Q4,
12/7/2016,4:34:20,12/7/2016,4:34:35,AlarmRateRamp|10356,Q5,
12/7/2016,4:34:30,12/7/2016,4:34:35,AlarmRateRamp|10356,Q6,
12/7/2016,4:34:36,12/7/2016,4:35:31,AlarmRateRamp|10356,Q1,
12/7/2016,4:34:45,12/7/2016,4:35:31,AlarmRateRamp|10356,Q2,
12/7/2016,4:34:55,12/7/2016,4:35:31,AlarmRateRamp|10356,Q3,
12/7/2016,4:35:05,12/7/2016,4:35:31,AlarmRateRamp|10356,Q4,
12/7/2016,4:35:15,12/7/2016,4:35:31,AlarmRateRamp|10356,Q5,
12/7/2016,4:35:25,12/7/2016,4:35:31,AlarmRateRamp|10356,Q6,
12/7/2016,4:35:32,12/7/2016,4:36:26,BSMON10001,XA00_HW,
12/7/2016,4:35:41,12/7/2016,4:36:26,BSMON10029,XA01,
12/7/2016,4:35:51,12/7/2016,4:36:26,BSMON10030,XA02,
12/7/2016,4:36:01,12/7/2016,4:36:26,BSMON10001,XA00_HW,
12/7/2016,4:36:11,12/7/2016,4:36:26,BSMON10032,XH03,
12/7/2016,4:36:20,12/7/2016,4:36:26,ASMON10020,XA01,
12/7/2016,4:36:27,12/7/2016,4:37:20,ASMON10021,XA02,
12/7/2016,4:36:36,12/7/2016,4:37:20,BSMON10001,XA00_HW,
12/7/2016,4:36:46,12/7/2016,4:37:20,BSMON10001,XA00_HW,
12/7/2016,4:36:56,12/7/2016,4:37:20,ASMON10024,XH05,
12/7/2016,4:37:05,12/7/2016,4:37:20,BSMON10001,XA00_HW,
12/7/2016,4:37:15,12/7/2016,4:37:20,BSMON10033,XH05,
12/7/2016,4:37:21,12/7/2016,4:38:14,BSMON10034,XH06,
12/7/2016,4:37:30,12/7/2016,4:38:14,BSMON10035,XH07,
12/7/2016,4:37:40,12/7/2016,4:38:14,BSMON10036,XH08,
12/7/2016,4:37:49,12/7/2016,4:38:14,BSMON10037,XH09,
12/7/2016,4:37:59,12/7/2016,4:38:14,BSMON10001,XA00_HW,
12/7/2016,4:38:08,12/7/2016,4:38:14,BSMON10039,XH11,
12/7/2016,4:38:15,12/7/2016,4:39:07,BSMON10040,XH12,
12/7/2016,4:38:24,12/7/2016,4:39:07,BSMON10041,XH13,
12/7/2016,4:38:33,12/7/2016,4:39:07,BSMON10042,XH14,
12/7/2016,4:38:43,12/7/2016,4:39:07,ASMON10005,XH03,
12/7/2016,4:38:52,12/7/2016,4:39:07,ASMON10005,XH03,
12/7/2016,4:39:02,12/7/2016,4:39:07,ASMON10005,XH03,
12/7/2016,4:39:08,12/7/2016,4:39:59,ASMON10005,XH03,
12/7/2016,4:39:17,12/7/2016,4:39:59,ASMON10005,XH03,
12/7/2016,4:39:26,12/7/2016,4:39:59,ASMON10005,XH03,
12/7/2016,4:39:35,12/7/2016,4:39:59,ASMON10005,XH03,
12/7/2016,4:39:45,12/7/2016,4:39:59,BSMON10001,XA00_HW,
12/7/2016,4:39:54,12/7/2016,4:39:59,AlarmRateRamp|10356,Q6,
12/7/2016,4:40:00,12/7/2016,4:40:51,AlarmRateRamp|10357,Q1,
12/7/2016,4:40:09,12/7/2016,4:40:51,AlarmRateRamp|10358,Q2,
12/7/2016,4:40:18,12/7/2016,4:40:51,AlarmRateRamp|10359,Q3,
12/7/2016,4:40:27,12/7/2016,4:40:51,AlarmRateRamp|10360,Q4,
12/7/2016,4:40:36,12/7/2016,4:40:51,AlarmRateRamp|10361,Q5,
12/7/2016,4:56:14,12/7/2016,4:56:19,AlarmRateRamp|10362,Q6,
12/7/2016,4:56:20,12/7/2016,4:57:01,AlarmRateRamp|10363,Q1,
12/7/2016,4:56:27,12/7/2016,4:57:01,AlarmRateRamp|10364,Q2,
12/7/2016,4:56:35,12/7/2016,4:57:01,AlarmRateRamp|10365,Q3,
12/7/2016,4:56:42,12/7/2016,4:57:01,AlarmRateRamp|10366,Q4,
12/7/2016,4:56:49,12/7/2016,4:57:01,AlarmRateRamp|10356,Q5,
12/7/2016,4:56:57,12/7/2016,4:57:01,ASMON10005,XH03,
12/7/2016,4:57:02,12/7/2016,4:57:43,ASMON10005,XH03,
12/7/2016,4:57:09,12/7/2016,4:57:43,ASMON10009,XQ01,
12/7/2016,4:57:16,12/7/2016,4:57:43,BSMON10016,XH52,
12/7/2016,4:57:24,12/7/2016,4:57:43,ASMON10005,XH03,
12/7/2016,4:57:31,12/7/2016,4:57:43,ASMON10005,XH03,
12/7/2016,4:57:39,12/7/2016,4:57:43,ASMON10005,XH03,
12/7/2016,4:57:44,12/7/2016,4:58:25,ASMON10005,XH03,
12/7/2016,4:57:51,12/7/2016,4:58:25,ASMON10005,XH03,
12/7/2016,4:57:58,12/7/2016,4:58:25,ASMON10005,XH03,
12/7/2016,4:58:06,12/7/2016,4:58:25,ASMON10005,XH03,
12/7/2016,4:58:13,12/7/2016,4:58:25,ASMON10006,XH04,
12/7/2016,4:58:20,12/7/2016,4:58:25,ASMON10007,XH05,
12/7/2016,4:58:26,12/7/2016,4:59:06,ASMON10021,XH01,
12/7/2016,4:58:33,12/7/2016,4:59:06,ASMON10021,XH01,
12/7/2016,4:58:40,12/7/2016,4:59:06,ASMON10021,XH01,
12/7/2016,4:58:47,12/7/2016,4:59:06,ASMON10021,XH01,
12/7/2016,4:58:55,12/7/2016,4:59:06,ASMON10021,XH01,
12/7/2016,4:59:02,12/7/2016,4:59:06,ASMON10021,XH01,
12/7/2016,4:59:07,12/7/2016,4:59:47,ASMON10021,XH01,
12/7/2016,4:59:14,12/7/2016,4:59:47,ASMON10021,XH01,
12/7/2016,4:59:21,12/7/2016,4:59:47,ASMON10021,XH01,
12/7/2016,4:59:28,12/7/2016,4:59:47,ASMON10021,XH01,
12/7/2016,4:59:36,12/7/2016,4:59:47,ASMON10021,XH01,
12/7/2016,4:59:43,12/7/2016,4:59:47,ASMON10021,XH01,
12/7/2016,4:59:48,12/7/2016,5:00:28,ASMON10021,XH01,
12/7/2016,4:59:55,12/7/2016,5:00:28,ASMON10021,XH01,
12/7/2016,5:00:02,12/7/2016,5:00:28,ASMON10021,XH01,
12/7/2016,5:00:09,12/7/2016,5:00:28,AlarmRateRamp|10356,Q4,
12/7/2016,4:45:35,12/7/2016,4:45:48,AlarmRateRamp|10356,Q5,
12/7/2016,4:45:43,12/7/2016,4:45:48,AlarmRateRamp|10356,Q6,
12/7/2016,4:45:49,12/7/2016,4:46:36,AlarmRateRamp|10356,Q1,
12/7/2016,4:45:57,12/7/2016,4:46:36,AlarmRateRamp|10356,Q2,
12/7/2016,4:46:06,12/7/2016,4:46:36,AlarmRateRamp|10356,Q3,
12/7/2016,4:46:14,12/7/2016,4:46:36,AlarmRateRamp|10356,Q4,
12/7/2016,4:46:23,12/7/2016,4:46:36,AlarmRateRamp|10356,Q5,
12/7/2016,4:46:31,12/7/2016,4:46:36,AlarmRateRamp|10356,Q6,
12/7/2016,4:46:37,12/7/2016,4:47:23,AlarmRateRamp|10356,Q1,
12/7/2016,4:46:45,12/7/2016,4:47:23,AlarmRateRamp|10356,Q2,
12/7/2016,4:46:53,12/7/2016,4:47:23,AlarmRateRamp|10356,Q3,
12/7/2016,4:47:02,12/7/2016,4:47:23,AlarmRateRamp|10356,Q4,
12/7/2016,4:47:10,12/7/2016,4:47:23,AlarmRateRamp|10356,Q5,
12/7/2016,4:47:19,12/7/2016,4:47:23,AlarmRateRamp|10356,Q6,
12/7/2016,4:47:24,12/7/2016,4:48:10,AlarmRateRamp|10356,Q1,
12/7/2016,4:47:32,12/7/2016,4:48:10,AlarmRateRamp|10356,Q2,
12/7/2016,4:47:40,12/7/2016,4:48:10,AlarmRateRamp|10356,Q3,
12/7/2016,4:47:49,12/7/2016,4:48:10,AlarmRateRamp|10356,Q4,
12/7/2016,4:47:57,12/7/2016,4:48:10,AlarmRateRamp|10356,Q5,
12/7/2016,4:48:05,12/7/2016,4:48:10,AlarmRateRamp|10356,Q6,
12/7/2016,4:48:11,12/7/2016,4:48:56,AlarmRateRamp|10356,Q1,
12/7/2016,4:48:19,12/7/2016,4:48:56,AlarmRateRamp|10356,Q2,
12/7/2016,4:48:27,12/7/2016,4:48:56,AlarmRateRamp|10356,Q3,
12/7/2016,4:48:35,12/7/2016,4:48:56,AlarmRateRamp|10356,Q4,
12/7/2016,4:48:44,12/7/2016,4:48:56,AlarmRateRamp|10356,Q5,
12/7/2016,4:48:52,12/7/2016,4:48:56,AlarmRateRamp|10356,Q6,
12/7/2016,4:48:57,12/7/2016,4:49:42,AlarmRateRamp|10356,Q1,
12/7/2016,4:49:05,12/7/2016,4:49:42,AlarmRateRamp|10356,Q2,
12/7/2016,4:49:13,12/7/2016,4:49:42,AlarmRateRamp|10356,Q3,
12/7/2016,5:17:36,12/7/2016,5:17:52,AlarmRateRamp|10356,Q4,
12/7/2016,5:17:42,12/7/2016,5:17:52,AlarmRateRamp|10356,Q5,
12/7/2016,5:17:48,12/7/2016,5:17:52,AlarmRateRamp|10356,Q6,
12/7/2016,5:17:53,12/7/2016,5:18:26,AlarmRateRamp|10356,Q1,
12/7/2016,5:17:59,12/7/2016,5:18:26,AlarmRateRamp|10356,Q2,
12/7/2016,5:18:05,12/7/2016,5:18:26,AlarmRateRamp|10356,Q3,
12/7/2016,5:18:11,12/7/2016,5:18:26,AlarmRateRamp|10356,Q4,
12/7/2016,5:18:17,12/7/2016,5:18:26,AlarmRateRamp|10356,Q5,
12/7/2016,5:18:23,12/7/2016,5:18:26,AlarmRateRamp|10356,Q6,
12/7/2016,5:18:27,12/7/2016,5:19:00,AlarmRateRamp|10356,Q1,
12/7/2016,5:18:33,12/7/2016,5:19:00,AlarmRateRamp|10356,Q2,
12/7/2016,5:18:39,12/7/2016,5:19:00,AlarmRateRamp|10356,Q3,
12/7/2016,5:18:44,12/7/2016,5:19:00,AlarmRateRamp|10356,Q4,
12/7/2016,5:18:50,12/7/2016,5:19:00,AlarmRateRamp|10356,Q5,
12/7/2016,5:18:56,12/7/2016,5:19:00,AlarmRateRamp|10356,Q6,
12/7/2016,5:19:01,12/7/2016,5:19:34,AlarmRateRamp|10356,Q1,
12/7/2016,5:19:06,12/7/2016,5:19:34,AlarmRateRamp|10356,Q2,
12/7/2016,5:19:12,12/7/2016,5:19:34,ASMON10021,XH01,
12/7/2016,5:19:18,12/7/2016,5:19:34,ASMON10021,XH01,
12/7/2016,5:19:24,12/7/2016,5:19:34,ASMON10021,XH01,
12/7/2016,5:19:30,12/7/2016,5:19:34,ASMON10021,XH01,
12/7/2016,5:19:35,12/7/2016,5:20:08,ASMON10021,XH01,
12/7/2016,5:19:40,12/7/2016,5:20:08,BSMON10011,XA01,
12/7/2016,5:19:46,12/7/2016,5:20:08,BSMON10011,XA01,
12/7/2016,5:19:52,12/7/2016,5:20:08,BSMON10011,XA01,
12/7/2016,5:19:58,12/7/2016,5:20:08,BSMON10011,XA01,
12/7/2016,5:20:04,12/7/2016,5:20:08,ASMON10021,XH01,
12/7/2016,5:20:09,12/7/2016,5:20:42,ASMON10021,XH01,
12/7/2016,5:20:14,12/7/2016,5:20:42,ASMON10021,XH01,
12/7/2016,5:20:20,12/7/2016,5:20:42,ASMON10021,XH01,
12/7/2016,5:20:26,12/7/2016,5:20:42,ASMON10021,XH01,
12/7/2016,5:20:32,12/7/2016,5:20:42,ASMON10021,XH01,
12/7/2016,5:20:38,12/7/2016,5:20:42,ASMON10021,XH01,
12/7/2016,5:20:43,12/7/2016,5:21:16,ASMON10021,XH01,
12/7/2016,5:20:48,12/7/2016,5:21:16,ASMON10021,XH01,
12/7/2016,5:20:54,12/7/2016,5:21:16,ASMON10021,XH01,
12/7/2016,5:21:00,12/7/2016,5:21:16,ASMON10021,XH01,
12/7/2016,5:21:06,12/7/2016,5:21:16,ASMON10021,XH01,
12/7/2016,5:21:12,12/7/2016,5:21:16,ASMON10021,XH01,
12/7/2016,5:21:17,12/7/2016,5:21:49,ASMON10021,XH01,
12/7/2016,5:21:22,12/7/2016,5:21:49,ASMON10021,XH01,
12/7/2016,5:21:28,12/7/2016,5:21:49,ASMON10021,XH01,
12/7/2016,5:21:34,12/7/2016,5:21:49,ASMON10021,XH01,
12/7/2016,5:21:40,12/7/2016,5:21:49,ASMON10021,XH01,
12/7/2016,5:21:46,12/7/2016,5:21:49,ASMON10021,XH01,
12/7/2016,5:21:50,12/7/2016,5:22:22,ASMON10021,XH01,
12/7/2016,5:21:55,12/7/2016,5:22:22,BSMON10034,XH06,
12/7/2016,5:22:01,12/7/2016,5:22:22,BSMON10034,XH06,
12/7/2016,5:22:07,12/7/2016,5:22:22,BSMON10034,XH06,
12/7/2016,5:22:13,12/7/2016,5:22:22,BSMON10034,XH06,
12/7/2016,5:22:19,12/7/2016,5:22:22,BSMON10034,XH06,
12/7/2016,5:22:23,12/7/2016,5:22:55,BSMON10034,XH06,
12/7/2016,5:22:28,12/7/2016,5:22:55,BSMON10034,XH06,
12/7/2016,5:22:34,12/7/2016,5:22:55,BSMON10034,XH06,
12/7/2016,5:22:40,12/7/2016,5:22:55,BSMON10034,XH06,
12/7/2016,5:22:46,12/7/2016,5:22:55,BSMON10034,XH06,
12/7/2016,5:22:51,12/7/2016,5:22:55,BSMON10034,XH06,
12/7/2016,5:22:56,12/7/2016,5:23:28,BSMON10034,XH06,
12/7/2016,5:23:01,12/7/2016,5:23:28,BSMON10034,XH06,
12/7/2016,5:23:07,12/7/2016,5:23:28,BSMON10034,XH06,
12/7/2016,5:23:13,12/7/2016,5:23:28,BSMON10034,XH06,
12/7/2016,5:23:19,12/7/2016,5:23:28,BSMON10034,XH06,
12/7/2016,5:23:24,12/7/2016,5:23:28,AlarmRateRamp|10356,Q6,
12/7/2016,5:23:29,12/7/2016,5:24:01,AlarmRateRamp|10356,Q1,
12/7/2016,5:23:34,12/7/2016,5:24:01,AlarmRateRamp|10356,Q2,
12/7/2016,5:23:40,12/7/2016,5:24:01,AlarmRateRamp|10356,Q3,
12/7/2016,5:23:46,12/7/2016,5:24:01,AlarmRateRamp|10356,Q4,
12/7/2016,5:23:51,12/7/2016,5:24:01,AlarmRateRamp|10357,Q5,
12/7/2016,5:23:57,12/7/2016,5:24:01,AlarmRateRamp|10358,Q6,
12/7/2016,5:24:02,12/7/2016,5:24:34,AlarmRateRamp|10359,Q1,
12/7/2016,5:24:07,12/7/2016,5:24:34,AlarmRateRamp|10360,Q2,
12/7/2016,5:24:13,12/7/2016,5:24:34,AlarmRateRamp|10361,Q3,
12/7/2016,5:24:19,12/7/2016,5:24:34,AlarmRateRamp|10362,Q4,
12/7/2016,5:24:24,12/7/2016,5:24:34,AlarmRateRamp|10363,Q5,
12/7/2016,5:24:30,12/7/2016,5:24:34,AlarmRateRamp|10364,Q6,
12/7/2016,5:24:35,12/7/2016,5:25:06,AlarmRateRamp|10365,Q1,
12/7/2016,5:24:40,12/7/2016,5:25:06,AlarmRateRamp|10366,Q2,
12/7/2016,5:24:46,12/7/2016,5:25:06,AlarmRateRamp|10367,Q3,
12/7/2016,5:24:52,12/7/2016,5:25:06,AlarmRateRamp|10368,Q4,
12/7/2016,5:24:57,12/7/2016,5:25:06,AlarmRateRamp|10369,Q5,
12/7/2016,5:25:03,12/7/2016,5:25:06,AlarmRateRamp|10370,Q6,
12/7/2016,5:25:07,12/7/2016,5:25:38,AlarmRateRamp|10371,Q1,
12/7/2016,5:25:12,12/7/2016,5:25:38,AlarmRateRamp|10372,Q2,
12/7/2016,5:25:18,12/7/2016,5:25:38,AlarmRateRamp|10373,Q3,
12/7/2016,5:25:23,12/7/2016,5:25:38,AlarmRateRamp|10374,Q4,
12/7/2016,5:25:29,12/7/2016,5:25:38,AlarmRateRamp|10375,Q5,
12/7/2016,5:25:35,12/7/2016,5:25:38,AlarmRateRamp|10376,Q6,
12/7/2016,5:25:39,12/7/2016,5:26:10,AlarmRateRamp|10377,Q1,
12/7/2016,5:25:44,12/7/2016,5:26:10,BSMON10011,XA01,
12/7/2016,5:25:50,12/7/2016,5:26:10,ASMON10021,XH01,
12/7/2016,5:25:55,12/7/2016,5:26:10,ASMON10021,XH01,
12/7/2016,5:26:01,12/7/2016,5:26:10,ASMON10021,XH01,
12/7/2016,5:26:07,12/7/2016,5:26:10,ASMON10021,XH01,
12/7/2016,5:26:11,12/7/2016,5:26:42,ASMON10021,XH01,
12/7/2016,5:26:16,12/7/2016,5:26:42,ASMON10021,XH01,
12/7/2016,5:26:22,12/7/2016,5:26:42,ASMON10021,XH01,
12/7/2016,5:26:27,12/7/2016,5:26:42,ASMON10021,XH01,
12/7/2016,5:26:33,12/7/2016,5:26:42,ASMON10021,XH01,
12/7/2016,5:26:38,12/7/2016,5:26:42,AlarmRateRamp|10356,Q6,
12/7/2016,5:26:43,12/7/2016,5:27:14,AlarmRateRamp|10356,Q1,
12/7/2016,5:26:48,12/7/2016,5:27:14,AlarmRateRamp|10356,Q2,
12/7/2016,5:26:54,12/7/2016,5:27:14,AlarmRateRamp|10356,Q3,
12/7/2016,5:26:59,12/7/2016,5:27:14,AlarmRateRamp|10356,Q4,
12/7/2016,5:27:05,12/7/2016,5:27:14,AlarmRateRamp|10356,Q5,
12/7/2016,5:27:10,12/7/2016,5:27:14,AlarmRateRamp|10356,Q6,
12/7/2016,5:27:15,12/7/2016,5:27:46,AlarmRateRamp|10356,Q1,
12/7/2016,5:27:20,12/7/2016,5:27:46,AlarmRateRamp|10356,Q2,
12/7/2016,5:27:26,12/7/2016,5:27:46,AlarmRateRamp|10356,Q3,
12/7/2016,5:27:31,12/7/2016,5:27:46,AlarmRateRamp|10356,Q4,
12/7/2016,5:27:37,12/7/2016,5:27:46,AlarmRateRamp|10368,Q5,
12/7/2016,5:27:42,12/7/2016,5:27:46,AlarmRateRamp|10369,Q6,
12/7/2016,5:27:47,12/7/2016,5:28:18,AlarmRateRamp|10370,Q1,
12/7/2016,5:27:52,12/7/2016,5:28:18,AlarmRateRamp|10371,Q2,
12/7/2016,5:27:58,12/7/2016,5:28:18,AlarmRateRamp|10372,Q3,
12/7/2016,5:28:03,12/7/2016,5:28:18,AlarmRateRamp|10373,Q4,
12/7/2016,5:28:09,12/7/2016,5:28:18,AlarmRateRamp|10374,Q5,
12/7/2016,5:28:14,12/7/2016,5:28:18,AlarmRateRamp|10375,Q6,
12/7/2016,5:28:19,12/7/2016,5:28:49,AlarmRateRamp|10376,Q1,
12/7/2016,5:28:24,12/7/2016,5:28:49,AlarmRateRamp|10377,Q2,
12/7/2016,5:28:30,12/7/2016,5:28:49,AlarmRateRamp|10378,Q3,
12/7/2016,5:28:35,12/7/2016,5:28:49,AlarmRateRamp|10379,Q4,
12/7/2016,5:28:41,12/7/2016,5:28:49,AlarmRateRamp|10380,Q5,
12/7/2016,5:28:46,12/7/2016,5:28:49,AlarmRateRamp|10381,Q6,
12/7/2016,5:28:50,12/7/2016,5:29:20,AlarmRateRamp|10382,Q1,
12/7/2016,5:28:55,12/7/2016,5:29:20,AlarmRateRamp|10383,Q2,
12/7/2016,5:29:00,12/7/2016,5:29:20,AlarmRateRamp|10384,Q3,
12/7/2016,5:29:06,12/7/2016,5:29:20,AlarmRateRamp|10385,Q4,
12/7/2016,5:29:11,12/7/2016,5:29:20,AlarmRateRamp|10386,Q5,
12/7/2016,5:29:17,12/7/2016,5:29:20,AlarmRateRamp|10387,Q6,
12/7/2016,5:29:21,12/7/2016,5:29:51,AlarmRateRamp|10388,Q1,
12/7/2016,5:29:26,12/7/2016,5:29:51,AlarmRateRamp|10389,Q2,
12/7/2016,5:29:31,12/7/2016,5:29:51,AlarmRateRamp|10390,Q3,
12/7/2016,5:29:37,12/7/2016,5:29:51,AlarmRateRamp|10391,Q4,
12/7/2016,5:29:42,12/7/2016,5:29:51,AlarmRateRamp|10392,Q5,
12/7/2016,5:29:48,12/7/2016,5:29:51,AlarmRateRamp|10393,Q6,
12/7/2016,5:29:52,12/7/2016,5:30:22,AlarmRateRamp|10394,Q1,
12/7/2016,5:29:57,12/7/2016,5:30:22,AlarmRateRamp|10395,Q2,
12/7/2016,5:30:02,12/7/2016,5:30:22,AlarmRateRamp|10396,Q3,
12/7/2016,5:30:08,12/7/2016,5:30:22,AlarmRateRamp|10397,Q4,
12/7/2016,5:30:13,12/7/2016,5:30:22,AlarmRateRamp|10398,Q5,
12/7/2016,5:30:19,12/7/2016,5:30:22,AlarmRateRamp|10399,Q6,
12/7/2016,5:30:23,12/7/2016,5:30:53,AlarmRateRamp|10400,Q1,
12/7/2016,5:30:28,12/7/2016,5:30:53,AlarmRateRamp|10401,Q2,
12/7/2016,5:30:33,12/7/2016,5:30:53,AlarmRateRamp|10402,Q3,
12/7/2016,5:30:39,12/7/2016,5:30:53,AlarmRateRamp|10403,Q4,
12/7/2016,5:30:44,12/7/2016,5:30:53,AlarmRateRamp|10404,Q5,
12/7/2016,5:30:50,12/7/2016,5:30:53,AlarmRateRamp|10405,Q6,
12/7/2016,5:30:54,12/7/2016,5:31:24,AlarmRateRamp|10406,Q1,
12/7/2016,5:30:59,12/7/2016,5:31:24,AlarmRateRamp|10407,Q2,
12/7/2016,5:31:04,12/7/2016,5:31:24,AlarmRateRamp|10408,Q3,
12/7/2016,5:31:10,12/7/2016,5:31:24,AlarmRateRamp|10409,Q4,
12/7/2016,5:31:15,12/7/2016,5:31:24,AlarmRateRamp|10410,Q5,
12/7/2016,5:31:20,12/7/2016,5:31:24,AlarmRateRamp|10411,Q6,
12/7/2016,5:31:25,12/7/2016,5:31:55,AlarmRateRamp|10412,Q1,
12/7/2016,5:31:30,12/7/2016,5:31:55,AlarmRateRamp|10413,Q2,
12/7/2016,5:31:35,12/7/2016,5:31:55,AlarmRateRamp|10414,Q3,
12/7/2016,5:31:41,12/7/2016,5:31:55,AlarmRateRamp|10415,Q4,
12/7/2016,5:31:46,12/7/2016,5:31:55,AlarmRateRamp|10416,Q5,
12/7/2016,5:31:51,12/7/2016,5:31:55,AlarmRateRamp|10417,Q6,
12/7/2016,5:31:56,12/7/2016,5:32:26,AlarmRateRamp|10418,Q1,
12/7/2016,5:32:01,12/7/2016,5:32:26,AlarmRateRamp|10419,Q2,
12/7/2016,5:32:06,12/7/2016,5:32:26,AlarmRateRamp|10420,Q3,
12/7/2016,5:32:12,12/7/2016,5:32:26,AlarmRateRamp|10421,Q4,
12/7/2016,5:32:17,12/7/2016,5:32:26,AlarmRateRamp|10422,Q5,
12/7/2016,5:32:22,12/7/2016,5:32:26,AlarmRateRamp|10423,Q6,
12/7/2016,5:32:27,12/7/2016,5:32:57,AlarmRateRamp|10424,Q1,
12/7/2016,5:32:32,12/7/2016,5:32:57,AlarmRateRamp|10425,Q2,
12/7/2016,5:32:37,12/7/2016,5:32:57,AlarmRateRamp|10426,Q3,
12/7/2016,5:32:42,12/7/2016,5:32:57,AlarmRateRamp|10427,Q4,
12/7/2016,5:32:48,12/7/2016,5:32:57,AlarmRateRamp|10428,Q5,
12/7/2016,5:32:53,12/7/2016,5:32:57,AlarmRateRamp|10429,Q6,
12/7/2016,5:32:58,12/7/2016,5:33:27,AlarmRateRamp|10430,Q1,
12/7/2016,5:33:03,12/7/2016,5:33:27,AlarmRateRamp|10431,Q2,
12/7/2016,5:33:08,12/7/2016,5:33:27,AlarmRateRamp|10432,Q3,
12/7/2016,5:33:13,12/7/2016,5:33:27,AlarmRateRamp|10433,Q4,
12/7/2016,5:33:19,12/7/2016,5:33:27,AlarmRateRamp|10434,Q5,
12/7/2016,5:33:24,12/7/2016,5:33:27,AlarmRateRamp|10435,Q6,
12/7/2016,5:33:28,12/7/2016,5:33:57,AlarmRateRamp|10436,Q1,
12/7/2016,5:33:33,12/7/2016,5:33:57,AlarmRateRamp|10365,Q2,
12/7/2016,5:33:38,12/7/2016,5:33:57,AlarmRateRamp|10366,Q3,
12/7/2016,5:33:43,12/7/2016,5:33:57,AlarmRateRamp|10367,Q4,
12/7/2016,5:33:49,12/7/2016,5:33:57,AlarmRateRamp|10368,Q5,
12/7/2016,5:33:54,12/7/2016,5:33:57,AlarmRateRamp|10356,Q6,
12/7/2016,5:33:58,12/7/2016,5:34:27,AlarmRateRamp|10356,Q1,
12/7/2016,5:34:03,12/7/2016,5:34:27,AlarmRateRamp|10356,Q2,
12/7/2016,5:34:08,12/7/2016,5:34:27,AlarmRateRamp|10356,Q3,
12/7/2016,5:34:13,12/7/2016,5:34:27,AlarmRateRamp|10356,Q4,
12/7/2016,5:34:19,12/7/2016,5:34:27,AlarmRateRamp|10356,Q5,
12/7/2016,5:34:24,12/7/2016,5:34:27,AlarmRateRamp|10356,Q6,
12/7/2016,5:34:28,12/7/2016,5:34:57,AlarmRateRamp|10356,Q1,
12/7/2016,5:34:33,12/7/2016,5:34:57,AlarmRateRamp|10356,Q2,
12/7/2016,5:34:38,12/7/2016,5:34:57,AlarmRateRamp|10356,Q3,
12/7/2016,5:34:43,12/7/2016,5:34:57,AlarmRateRamp|10356,Q4,
12/7/2016,5:34:48,12/7/2016,5:34:57,AlarmRateRamp|10356,Q5,
12/7/2016,5:34:54,12/7/2016,5:34:57,AlarmRateRamp|10356,Q6,
12/7/2016,5:34:58,12/7/2016,5:35:27,AlarmRateRamp|10356,Q1,
12/7/2016,5:35:03,12/7/2016,5:35:27,AlarmRateRamp|10356,Q2,
12/7/2016,5:35:08,12/7/2016,5:35:27,AlarmRateRamp|10356,Q3,
12/7/2016,5:35:13,12/7/2016,5:35:27,AlarmRateRamp|10356,Q4,
12/7/2016,5:35:18,12/7/2016,5:35:27,AlarmRateRamp|10356,Q5,
12/7/2016,5:35:24,12/7/2016,5:35:27,AlarmRateRamp|10356,Q6,
12/7/2016,5:35:28,12/7/2016,5:35:57,AlarmRateRamp|10356,Q1,
12/7/2016,5:35:33,12/7/2016,5:35:57,AlarmRateRamp|10356,Q2,
12/7/2016,5:35:38,12/7/2016,5:35:57,AlarmRateRamp|10356,Q3,
12/7/2016,5:35:43,12/7/2016,5:35:57,AlarmRateRamp|10356,Q4,
12/7/2016,5:35:48,12/7/2016,5:35:57,AlarmRateRamp|10356,Q5,
12/7/2016,5:35:53,12/7/2016,5:35:57,AlarmRateRamp|10356,Q6,
12/7/2016,5:35:58,12/7/2016,5:36:27,AlarmRateRamp|10356,Q1,
12/7/2016,5:36:03,12/7/2016,5:36:27,ASMON10008,XM23,
12/7/2016,5:36:08,12/7/2016,5:36:27,ASMON10009,XQ01,
12/7/2016,5:36:13,12/7/2016,5:36:27,ASMON10010,XA00_HW,
12/7/2016,5:36:18,12/7/2016,5:36:27,ASMON10011,XA01,
12/7/2016,5:36:23,12/7/2016,5:36:27,ASMON10012,XA02,
12/7/2016,5:36:28,12/7/2016,5:36:57,ASMON10013,XH01,
12/7/2016,5:36:33,12/7/2016,5:36:57,ASMON10014,XH03,
12/7/2016,5:36:38,12/7/2016,5:36:57,ASMON10015,XH05,
12/7/2016,5:36:43,12/7/2016,5:36:57,ASMON10016,XH52,
12/7/2016,5:36:48,12/7/2016,5:36:57,ASMON10017,XM23,
12/7/2016,5:36:53,12/7/2016,5:36:57,ASMON10018,XQ01,
12/7/2016,5:36:58,12/7/2016,5:37:26,ASMON10019,XA00_HW,
12/7/2016,5:37:03,12/7/2016,5:37:26,ASMON10020,XA01,
12/7/2016,5:37:08,12/7/2016,5:37:26,ASMON10021,XA02,
12/7/2016,5:37:13,12/7/2016,5:37:26,AlarmRateRamp|10356,Q4,
12/7/2016,5:37:18,12/7/2016,5:37:26,AlarmRateRamp|10356,Q5,
12/7/2016,5:37:23,12/7/2016,5:37:26,AlarmRateRamp|10356,Q6,
12/7/2016,5:37:27,12/7/2016,5:37:55,AlarmRateRamp|10356,Q1,
12/7/2016,5:37:32,12/7/2016,5:37:55,AlarmRateRamp|10356,Q2,
12/7/2016,5:37:37,12/7/2016,5:37:55,AlarmRateRamp|10356,Q3,
12/7/2016,5:37:42,12/7/2016,5:37:55,AlarmRateRamp|10356,Q4,
12/7/2016,5:37:47,12/7/2016,5:37:55,AlarmRateRamp|10356,Q5,
12/7/2016,5:37:52,12/7/2016,5:37:55,AlarmRateRamp|10356,Q6,
12/7/2016,5:37:56,12/7/2016,5:38:24,AlarmRateRamp|10356,Q1,
12/7/2016,5:38:01,12/7/2016,5:38:24,ASMON10021,XH01,
12/7/2016,5:38:06,12/7/2016,5:38:24,ASMON10021,XH01,
12/7/2016,5:38:11,12/7/2016,5:38:24,ASMON10021,XH01,
12/7/2016,5:38:16,12/7/2016,5:38:24,ASMON10021,XH01,
12/7/2016,5:38:21,12/7/2016,5:38:24,ASMON10021,XH01,
12/7/2016,5:38:25,12/7/2016,5:38:53,ASMON10022,XH01,
12/7/2016,5:38:30,12/7/2016,5:38:53,AlarmRateRamp|10356,Q1,
12/7/2016,5:38:35,12/7/2016,5:38:53,AlarmRateRamp|10356,Q2,
12/7/2016,5:38:40,12/7/2016,5:38:53,AlarmRateRamp|10356,Q3,
12/7/2016,5:38:45,12/7/2016,5:38:53,AlarmRateRamp|10356,Q4,
12/7/2016,5:38:50,12/7/2016,5:38:53,AlarmRateRamp|10356,Q5,
12/7/2016,5:38:54,12/7/2016,5:39:22,AlarmRateRamp|10356,Q6,
12/7/2016,5:38:59,12/7/2016,5:39:22,ASMON10029,XH08,
12/7/2016,5:39:04,12/7/2016,5:39:22,ASMON10030,XH09,
12/7/2016,5:39:09,12/7/2016,5:39:22,ASMON10031,XH10,
12/7/2016,5:39:14,12/7/2016,5:39:22,ASMON10032,XH11,
12/7/2016,5:39:19,12/7/2016,5:39:22,ASMON10033,XH12,
12/7/2016,5:39:23,12/7/2016,5:39:51,ASMON10034,XH13,
12/7/2016,5:39:28,12/7/2016,5:39:51,ASMON10035,XH14,
12/7/2016,5:39:33,12/7/2016,5:39:51,ASMON10036,XH15,
12/7/2016,5:39:38,12/7/2016,5:39:51,ASMON10037,XH16,
12/7/2016,5:39:43,12/7/2016,5:39:51,ASMON10038,XH17,
12/7/2016,5:39:48,12/7/2016,5:39:51,ASMON10039,XH18,
12/7/2016,5:39:52,12/7/2016,5:40:20,ASMON10040,XH19,
12/7/2016,5:39:57,12/7/2016,5:40:20,ASMON10041,XH20,
12/7/2016,5:40:02,12/7/2016,5:40:20,AlarmRateRamp|10356,Q3,
12/7/2016,5:40:07,12/7/2016,5:40:20,AlarmRateRamp|10356,Q4,
12/7/2016,5:40:12,12/7/2016,5:40:20,AlarmRateRamp|10356,Q5,
12/7/2016,5:40:17,12/7/2016,5:40:20,AlarmRateRamp|10356,Q6,
12/7/2016,5:40:21,12/7/2016,5:40:49,AlarmRateRamp|10356,Q1,
12/7/2016,5:40:26,12/7/2016,5:40:49,AlarmRateRamp|10356,Q2,
12/7/2016,5:40:31,12/7/2016,5:40:49,AlarmRateRamp|10356,Q3,
12/7/2016,5:40:36,12/7/2016,5:40:49,AlarmRateRamp|10356,Q4,
12/7/2016,5:40:41,12/7/2016,5:40:49,AlarmRateRamp|10356,Q5,
12/7/2016,5:40:45,12/7/2016,5:40:49,AlarmRateRamp|10356,Q6,
12/7/2016,5:40:50,12/7/2016,5:41:18,AlarmRateRamp|10356,Q1,
12/7/2016,5:40:54,12/7/2016,5:41:18,AlarmRateRamp|10356,Q2,
12/7/2016,5:40:59,12/7/2016,5:41:18,AlarmRateRamp|10356,Q3,
12/7/2016,5:41:04,12/7/2016,5:41:18,AlarmRateRamp|10356,Q4,
12/7/2016,5:41:09,12/7/2016,5:41:18,AlarmRateRamp|10356,Q5,
12/7/2016,5:41:14,12/7/2016,5:41:18,AlarmRateRamp|10356,Q6,
12/7/2016,5:41:19,12/7/2016,5:41:47,AlarmRateRamp|10356,Q1,
12/7/2016,5:41:23,12/7/2016,5:41:47,AlarmRateRamp|10356,Q2,
12/7/2016,5:41:28,12/7/2016,5:41:47,AlarmRateRamp|10356,Q3,
12/7/2016,5:41:33,12/7/2016,5:41:47,AlarmRateRamp|10356,Q4,
12/7/2016,5:41:38,12/7/2016,5:41:47,AlarmRateRamp|10356,Q5,
12/7/2016,5:41:43,12/7/2016,5:41:47,AlarmRateRamp|10356,Q6,
12/7/2016,5:41:48,12/7/2016,5:42:15,AlarmRateRamp|10356,Q1,
12/7/2016,5:41:52,12/7/2016,5:42:15,AlarmRateRamp|10356,Q2,
12/7/2016,5:41:57,12/7/2016,5:42:15,AlarmRateRamp|10356,Q3,
12/7/2016,5:42:02,12/7/2016,5:42:15,AlarmRateRamp|10356,Q4,
12/7/2016,5:42:07,12/7/2016,5:42:15,AlarmRateRamp|10356,Q5,
12/7/2016,5:42:12,12/7/2016,5:42:15,AlarmRateRamp|10356,Q6,
12/7/2016,5:42:16,12/7/2016,5:42:43,AlarmRateRamp|10356,Q1,
12/7/2016,5:42:20,12/7/2016,5:42:43,AlarmRateRamp|10356,Q2,
12/7/2016,5:42:25,12/7/2016,5:42:43,AlarmRateRamp|10356,Q3,
12/7/2016,5:42:30,12/7/2016,5:42:43,AlarmRateRamp|10356,Q4,
12/7/2016,5:42:35,12/7/2016,5:42:43,AlarmRateRamp|10356,Q5,
12/7/2016,5:42:40,12/7/2016,5:42:43,AlarmRateRamp|10356,Q6,
12/7/2016,5:42:44,12/7/2016,5:43:11,AlarmRateRamp|10356,Q1,
12/7/2016,5:42:48,12/7/2016,5:43:11,AlarmRateRamp|10356,Q2,
12/7/2016,5:42:53,12/7/2016,5:43:11,AlarmRateRamp|10356,Q3,
12/7/2016,5:42:58,12/7/2016,5:43:11,AlarmRateRamp|10356,Q4,
12/7/2016,5:43:03,12/7/2016,5:43:11,AlarmRateRamp|10356,Q5,
12/7/2016,5:43:08,12/7/2016,5:43:11,AlarmRateRamp|10356,Q6,
12/7/2016,5:43:12,12/7/2016,5:43:39,AlarmRateRamp|10356,Q1,
12/7/2016,5:43:16,12/7/2016,5:43:39,AlarmRateRamp|10356,Q2,
12/7/2016,5:43:21,12/7/2016,5:43:39,AlarmRateRamp|10356,Q3,
12/7/2016,5:43:26,12/7/2016,5:43:39,AlarmRateRamp|10356,Q4,
12/7/2016,5:43:31,12/7/2016,5:43:39,AlarmRateRamp|10356,Q5,
12/7/2016,5:43:36,12/7/2016,5:43:39,AlarmRateRamp|10356,Q6,
12/7/2016,5:43:40,12/7/2016,5:44:07,AlarmRateRamp|10356,Q1,
12/7/2016,5:43:44,12/7/2016,5:44:07,AlarmRateRamp|10356,Q2,
12/7/2016,5:43:49,12/7/2016,5:44:07,AlarmRateRamp|10356,Q3,
12/7/2016,5:43:54,12/7/2016,5:44:07,AlarmRateRamp|10356,Q4,
12/7/2016,5:43:59,12/7/2016,5:44:07,AlarmRateRamp|10356,Q5,
12/7/2016,5:44:04,12/7/2016,5:44:07,AlarmRateRamp|10356,Q6,
12/7/2016,5:44:08,12/7/2016,5:44:35,AlarmRateRamp|10356,Q1,
12/7/2016,5:44:12,12/7/2016,5:44:35,AlarmRateRamp|10356,Q2,
12/7/2016,5:44:17,12/7/2016,5:44:35,AlarmRateRamp|10356,Q3,
12/7/2016,5:44:22,12/7/2016,5:44:35,AlarmRateRamp|10356,Q4,
12/7/2016,5:44:27,12/7/2016,5:44:35,AlarmRateRamp|10356,Q5,
12/7/2016,5:44:32,12/7/2016,5:44:35,AlarmRateRamp|10356,Q6,
12/7/2016,5:44:36,12/7/2016,5:45:03,AlarmRateRamp|10356,Q1,
12/7/2016,5:44:40,12/7/2016,5:45:03,AlarmRateRamp|10356,Q2,
12/7/2016,5:44:45,12/7/2016,5:45:03,AlarmRateRamp|10356,Q3,
12/7/2016,5:44:50,12/7/2016,5:45:03,AlarmRateRamp|10356,Q4,
12/7/2016,5:44:55,12/7/2016,5:45:03,AlarmRateRamp|10356,Q5,
12/7/2016,5:45:00,12/7/2016,5:45:03,AlarmRateRamp|10356,Q6,
12/7/2016,5:45:04,12/7/2016,5:45:31,AlarmRateRamp|10356,Q1,
12/7/2016,5:45:08,12/7/2016,5:45:31,AlarmRateRamp|10356,Q2,
12/7/2016,5:45:13,12/7/2016,5:45:31,AlarmRateRamp|10356,Q3,
12/7/2016,5:45:18,12/7/2016,5:45:31,AlarmRateRamp|10356,Q4,
12/7/2016,5:45:23,12/7/2016,5:45:31,AlarmRateRamp|10356,Q5,
12/7/2016,5:45:28,12/7/2016,5:45:31,AlarmRateRamp|10356,Q6,
12/7/2016,5:45:32,12/7/2016,5:45:59,AlarmRateRamp|10356,Q1,
12/7/2016,5:45:36,12/7/2016,5:45:59,AlarmRateRamp|10356,Q2,
12/7/2016,5:45:41,12/7/2016,5:45:59,AlarmRateRamp|10356,Q3,
12/7/2016,5:45:46,12/7/2016,5:45:59,AlarmRateRamp|10356,Q4,
12/7/2016,5:45:51,12/7/2016,5:45:59,AlarmRateRamp|10356,Q5,
12/7/2016,5:45:56,12/7/2016,5:45:59,AlarmRateRamp|10356,Q6,
12/7/2016,5:46:00,12/7/2016,5:46:27,AlarmRateRamp|10356,Q1,
12/7/2016,5:46:04,12/7/2016,5:46:27,AlarmRateRamp|10356,Q2,
12/7/2016,5:46:09,12/7/2016,5:46:27,AlarmRateRamp|10356,Q3,
12/7/2016,5:46:14,12/7/2016,5:46:27,AlarmRateRamp|10356,Q4,
12/7/2016,5:46:19,12/7/2016,5:46:27,AlarmRateRamp|10356,Q5,
12/7/2016,5:46:23,12/7/2016,5:46:27,AlarmRateRamp|10356,Q6,
12/7/2016,5:46:28,12/7/2016,5:46:55,AlarmRateRamp|10356,Q1,
12/7/2016,5:46:32,12/7/2016,5:46:55,AlarmRateRamp|10356,Q2,
12/7/2016,5:46:37,12/7/2016,5:46:55,AlarmRateRamp|10356,Q3,
12/7/2016,5:46:42,12/7/2016,5:46:55,AlarmRateRamp|10356,Q4,
12/7/2016,5:46:47,12/7/2016,5:46:55,AlarmRateRamp|10356,Q5,
12/7/2016,5:46:51,12/7/2016,5:46:55,AlarmRateRamp|10356,Q6,
12/7/2016,5:46:56,12/7/2016,5:47:22,AlarmRateRamp|10356,Q1,
12/7/2016,5:47:00,12/7/2016,5:47:22,BSMON10007,XH52,
12/7/2016,5:47:05,12/7/2016,5:47:22,BSMON10008,XM23,
12/7/2016,5:47:10,12/7/2016,5:47:22,BSMON10009,XQ01,
12/7/2016,5:47:15,12/7/2016,5:47:22,BSMON10010,XA00_HW,
12/7/2016,5:47:19,12/7/2016,5:47:22,BSMON10011,XA01,
12/7/2016,5:47:23,12/7/2016,5:47:49,BSMON10012,XA02,
12/7/2016,5:47:27,12/7/2016,5:47:49,BSMON10013,XH01,
12/7/2016,5:47:32,12/7/2016,5:47:49,BSMON10014,XH03,
12/7/2016,5:47:37,12/7/2016,5:47:49,BSMON10001,XA00_HW,
12/7/2016,5:47:41,12/7/2016,5:47:49,BSMON10016,XH52,
12/7/2016,5:47:46,12/7/2016,5:47:49,BSMON10017,XM23,
12/7/2016,5:47:50,12/7/2016,5:48:16,BSMON10018,XQ01,
12/7/2016,5:47:54,12/7/2016,5:48:16,BSMON10019,XA00_HW,
12/7/2016,5:47:59,12/7/2016,5:48:16,BSMON10020,XA01,
12/7/2016,5:48:04,12/7/2016,5:48:16,BSMON10001,XA00_HW,
12/7/2016,5:48:08,12/7/2016,5:48:16,BSMON10001,XA00_HW,
12/7/2016,5:48:13,12/7/2016,5:48:16,BSMON10023,XH03,
12/7/2016,5:48:17,12/7/2016,5:48:43,BSMON10024,XH05,
12/7/2016,5:48:21,12/7/2016,5:48:43,BSMON10001,XA00_HW,
12/7/2016,5:48:26,12/7/2016,5:48:43,BSMON10026,XM23,
12/7/2016,5:48:31,12/7/2016,5:48:43,BSMON10027,XQ01,
12/7/2016,5:48:35,12/7/2016,5:48:43,BSMON10001,XA00_HW,
12/7/2016,5:48:40,12/7/2016,5:48:43,AlarmRateRamp|10356,Q6,
12/7/2016,5:48:44,12/7/2016,5:49:10,AlarmRateRamp|10356,Q1,
12/7/2016,5:48:48,12/7/2016,5:49:10,AlarmRateRamp|10356,Q2,
12/7/2016,5:48:53,12/7/2016,5:49:10,AlarmRateRamp|10356,Q3,
12/7/2016,5:48:58,12/7/2016,5:49:10,AlarmRateRamp|10356,Q4,
12/7/2016,5:49:02,12/7/2016,5:49:10,AlarmRateRamp|10356,Q5,
12/7/2016,5:49:07,12/7/2016,5:49:10,AlarmRateRamp|10356,Q6,
12/7/2016,5:49:11,12/7/2016,5:49:37,AlarmRateRamp|10356,Q1,
12/7/2016,5:49:15,12/7/2016,5:49:37,AlarmRateRamp|10356,Q2,
12/7/2016,5:49:20,12/7/2016,5:49:37,AlarmRateRamp|10356,Q3,
12/7/2016,5:49:25,12/7/2016,5:49:37,AlarmRateRamp|10356,Q4,
12/7/2016,5:49:29,12/7/2016,5:49:37,AlarmRateRamp|10356,Q5,
12/7/2016,5:49:34,12/7/2016,5:49:37,AlarmRateRamp|10356,Q6,
12/7/2016,5:49:38,12/7/2016,5:50:04,AlarmRateRamp|10356,Q1,
12/7/2016,5:49:42,12/7/2016,5:50:04,AlarmRateRamp|10356,Q2,
12/7/2016,5:49:47,12/7/2016,5:50:04,AlarmRateRamp|10356,Q3,
12/7/2016,5:49:52,12/7/2016,5:50:04,AlarmRateRamp|10356,Q4,
12/7/2016,5:49:56,12/7/2016,5:50:04,AlarmRateRamp|10356,Q5,
12/7/2016,5:50:01,12/7/2016,5:50:04,AlarmRateRamp|10356,Q6,
12/7/2016,5:50:05,12/7/2016,5:50:31,AlarmRateRamp|10356,Q1,
12/7/2016,5:50:09,12/7/2016,5:50:31,AlarmRateRamp|10356,Q2,
12/7/2016,5:50:14,12/7/2016,5:50:31,AlarmRateRamp|10356,Q3,
12/7/2016,5:50:18,12/7/2016,5:50:31,ASMON10022,XH02,
12/7/2016,5:50:23,12/7/2016,5:50:31,ASMON10023,XH03,
12/7/2016,5:50:28,12/7/2016,5:50:31,ASMON10024,XH04,
12/7/2016,5:50:32,12/7/2016,5:50:58,ASMON10025,XH05,
12/7/2016,5:50:36,12/7/2016,5:50:58,ASMON10026,XH06,
12/7/2016,5:50:41,12/7/2016,5:50:58,ASMON10027,XH07,
12/7/2016,5:50:45,12/7/2016,5:50:58,ASMON10028,XH08,
12/7/2016,5:50:50,12/7/2016,5:50:58,ASMON10029,XH09,
12/7/2016,5:50:55,12/7/2016,5:50:58,ASMON10030,XH10,
12/7/2016,5:50:59,12/7/2016,5:51:25,ASMON10031,XH11,
12/7/2016,5:51:03,12/7/2016,5:51:25,ASMON10032,XH12,
12/7/2016,5:51:08,12/7/2016,5:51:25,ASMON10033,XH13,
12/7/2016,5:51:12,12/7/2016,5:51:25,ASMON10034,XH14,
12/7/2016,5:51:17,12/7/2016,5:51:25,ASMON10035,XH15,
12/7/2016,5:51:22,12/7/2016,5:51:25,ASMON10036,XH16,
12/7/2016,5:51:26,12/7/2016,5:51:52,ASMON10037,XH17,
12/7/2016,5:51:30,12/7/2016,5:51:52,AlarmRateRamp|10356,Q2,
12/7/2016,5:51:35,12/7/2016,5:51:52,AlarmRateRamp|10356,Q3,
12/7/2016,5:31:10,12/7/2016,5:31:24,AlarmRateRamp|10356,Q4,
12/7/2016,5:31:15,12/7/2016,5:31:24,AlarmRateRamp|10356,Q5,
12/7/2016,5:31:20,12/7/2016,5:31:24,AlarmRateRamp|10356,Q6,
12/7/2016,5:31:25,12/7/2016,5:31:55,AlarmRateRamp|10356,Q1,
12/7/2016,5:31:30,12/7/2016,5:31:55,AlarmRateRamp|10356,Q2,
12/7/2016,5:31:35,12/7/2016,5:31:55,AlarmRateRamp|10356,Q3,
12/7/2016,5:31:41,12/7/2016,5:31:55,AlarmRateRamp|10356,Q4,
12/7/2016,5:31:46,12/7/2016,5:31:55,AlarmRateRamp|10356,Q5,
12/7/2016,5:31:51,12/7/2016,5:31:55,AlarmRateRamp|10356,Q6,
12/7/2016,5:31:56,12/7/2016,5:32:26,AlarmRateRamp|10356,Q1,
12/7/2016,5:32:01,12/7/2016,5:32:26,AlarmRateRamp|10356,Q2,
12/7/2016,5:32:06,12/7/2016,5:32:26,AlarmRateRamp|10356,Q3,
12/7/2016,5:32:12,12/7/2016,5:32:26,AlarmRateRamp|10356,Q4,
12/7/2016,5:32:17,12/7/2016,5:32:26,AlarmRateRamp|10356,Q5,
12/7/2016,5:32:22,12/7/2016,5:32:26,AlarmRateRamp|10356,Q6,
12/7/2016,5:32:27,12/7/2016,5:32:57,AlarmRateRamp|10356,Q1,
12/7/2016,5:32:32,12/7/2016,5:32:57,AlarmRateRamp|10356,Q2,
12/7/2016,5:32:37,12/7/2016,5:32:57,BSMON10001,XA00_HW,
12/7/2016,5:32:42,12/7/2016,5:32:57,AlarmRateRamp|10356,Q4,
12/7/2016,5:32:48,12/7/2016,5:32:57,AlarmRateRamp|10356,Q5,
12/7/2016,5:32:53,12/7/2016,5:32:57,BSMON10027,XQ01,
12/7/2016,5:32:58,12/7/2016,5:33:27,BSMON10001,XA00_HW,
12/7/2016,5:33:03,12/7/2016,5:33:27,BSMON10029,XA01,
12/7/2016,5:33:08,12/7/2016,5:33:27,BSMON10030,XA02,
12/7/2016,5:33:13,12/7/2016,5:33:27,BSMON10001,XA00_HW,
12/7/2016,5:33:19,12/7/2016,5:33:27,BSMON10032,XH03,
12/7/2016,5:33:24,12/7/2016,5:33:27,ASMON10020,XA01,
12/7/2016,5:33:28,12/7/2016,5:33:57,ASMON10021,XA02,
12/7/2016,5:33:33,12/7/2016,5:33:57,AlarmRateRamp|10356,Q2,
12/7/2016,5:33:38,12/7/2016,5:33:57,AlarmRateRamp|10356,Q3,
12/7/2016,5:33:43,12/7/2016,5:33:57,AlarmRateRamp|10356,Q4,
12/7/2016,5:33:49,12/7/2016,5:33:57,AlarmRateRamp|10356,Q5,
12/7/2016,5:33:54,12/7/2016,5:33:57,AlarmRateRamp|10356,Q6,
12/7/2016,5:33:58,12/7/2016,5:34:27,AlarmRateRamp|10356,Q1,
12/7/2016,5:34:03,12/7/2016,5:34:27,AlarmRateRamp|10356,Q2,
12/7/2016,5:34:08,12/7/2016,5:34:27,ASMON10005,XH03,
12/7/2016,5:34:13,12/7/2016,5:34:27,ASMON10005,XH03,
12/7/2016,5:34:19,12/7/2016,5:34:27,ASMON10005,XH03,
12/7/2016,5:34:24,12/7/2016,5:34:27,AlarmRateRamp|10356,Q6,
12/7/2016,5:34:28,12/7/2016,5:34:57,AlarmRateRamp|10356,Q1,
12/7/2016,5:34:33,12/7/2016,5:34:57,AlarmRateRamp|10356,Q2,
12/7/2016,5:34:38,12/7/2016,5:34:57,AlarmRateRamp|10356,Q3,
12/7/2016,5:34:43,12/7/2016,5:34:57,AlarmRateRamp|10356,Q4,
12/7/2016,5:34:48,12/7/2016,5:34:57,AlarmRateRamp|10356,Q5,
12/7/2016,5:34:54,12/7/2016,5:34:57,BSMON10033,XH05,
12/7/2016,5:34:58,12/7/2016,5:35:27,BSMON10034,XH06,
12/7/2016,5:35:03,12/7/2016,5:35:27,BSMON10035,XH07,
12/7/2016,5:35:08,12/7/2016,5:35:27,BSMON10036,XH08,
12/7/2016,5:35:13,12/7/2016,5:35:27,BSMON10037,XH09,
12/7/2016,5:35:18,12/7/2016,5:35:27,BSMON10001,XA00_HW,
12/7/2016,5:35:24,12/7/2016,5:35:27,AlarmRateRamp|10356,Q6,
12/7/2016,5:35:28,12/7/2016,5:35:57,AlarmRateRamp|10356,Q1,
12/7/2016,5:35:33,12/7/2016,5:35:57,AlarmRateRamp|10356,Q2,
12/7/2016,5:35:38,12/7/2016,5:35:57,AlarmRateRamp|10356,Q3,
12/7/2016,5:35:43,12/7/2016,5:35:57,AlarmRateRamp|10356,Q4,
12/7/2016,5:35:48,12/7/2016,5:35:57,AlarmRateRamp|10356,Q5,
12/7/2016,5:35:53,12/7/2016,5:35:57,AlarmRateRamp|10356,Q6,
12/7/2016,5:35:58,12/7/2016,5:36:27,AlarmRateRamp|10356,Q1,
12/7/2016,5:36:03,12/7/2016,5:36:27,AlarmRateRamp|10356,Q2,
12/7/2016,5:36:08,12/7/2016,5:36:27,AlarmRateRamp|10356,Q3,
12/7/2016,5:36:13,12/7/2016,5:36:27,AlarmRateRamp|10356,Q4,
12/7/2016,5:36:18,12/7/2016,5:36:27,AlarmRateRamp|10356,Q5,
12/7/2016,5:36:23,12/7/2016,5:36:27,AlarmRateRamp|10356,Q6,
12/7/2016,5:36:28,12/7/2016,5:36:57,AlarmRateRamp|10356,Q1,
12/7/2016,5:36:33,12/7/2016,5:36:57,AlarmRateRamp|10356,Q2,
12/7/2016,5:36:38,12/7/2016,5:36:57,AlarmRateRamp|10356,Q3,
12/7/2016,5:36:43,12/7/2016,5:36:57,AlarmRateRamp|10356,Q4,
12/7/2016,5:36:48,12/7/2016,5:36:57,AlarmRateRamp|10356,Q5,
12/7/2016,5:36:53,12/7/2016,5:36:57,AlarmRateRamp|10356,Q6,
12/7/2016,5:36:58,12/7/2016,5:37:26,AlarmRateRamp|10356,Q1,
12/7/2016,5:37:03,12/7/2016,5:37:26,AlarmRateRamp|10356,Q2,
12/7/2016,5:37:08,12/7/2016,5:37:26,AlarmRateRamp|10356,Q3,
12/7/2016,5:37:13,12/7/2016,5:37:26,AlarmRateRamp|10356,Q4,
12/7/2016,5:37:18,12/7/2016,5:37:26,AlarmRateRamp|10356,Q5,
12/7/2016,5:37:23,12/7/2016,5:37:26,AlarmRateRamp|10356,Q6,
12/7/2016,5:37:27,12/7/2016,5:37:55,AlarmRateRamp|10356,Q1,
12/7/2016,5:37:32,12/7/2016,5:37:55,AlarmRateRamp|10356,Q2,
12/7/2016,5:37:37,12/7/2016,5:37:55,AlarmRateRamp|10356,Q3,
12/7/2016,5:37:42,12/7/2016,5:37:55,AlarmRateRamp|10356,Q4,
12/7/2016,5:37:47,12/7/2016,5:37:55,AlarmRateRamp|10356,Q5,
12/7/2016,5:37:52,12/7/2016,5:37:55,AlarmRateRamp|10356,Q6,
12/7/2016,5:37:56,12/7/2016,5:38:24,AlarmRateRamp|10356,Q1,
12/7/2016,5:38:01,12/7/2016,5:38:24,AlarmRateRamp|10356,Q2,
12/7/2016,5:38:06,12/7/2016,5:38:24,AlarmRateRamp|10356,Q3,
12/7/2016,5:38:11,12/7/2016,5:38:24,AlarmRateRamp|10356,Q4,
12/7/2016,5:38:16,12/7/2016,5:38:24,AlarmRateRamp|10356,Q5,
12/7/2016,5:38:21,12/7/2016,5:38:24,AlarmRateRamp|10356,Q6,
12/7/2016,5:38:25,12/7/2016,5:38:53,AlarmRateRamp|10356,Q1,
12/7/2016,5:38:30,12/7/2016,5:38:53,AlarmRateRamp|10356,Q2,
12/7/2016,5:38:35,12/7/2016,5:38:53,AlarmRateRamp|10356,Q3,
12/7/2016,5:38:40,12/7/2016,5:38:53,AlarmRateRamp|10356,Q4,
12/7/2016,5:38:45,12/7/2016,5:38:53,AlarmRateRamp|10356,Q5,
12/7/2016,5:38:50,12/7/2016,5:38:53,AlarmRateRamp|10356,Q6,
12/7/2016,5:38:54,12/7/2016,5:39:22,AlarmRateRamp|10356,Q1,
12/7/2016,5:38:59,12/7/2016,5:39:22,AlarmRateRamp|10356,Q2,
12/7/2016,5:39:04,12/7/2016,5:39:22,AlarmRateRamp|10356,Q3,
12/7/2016,5:39:09,12/7/2016,5:39:22,AlarmRateRamp|10356,Q4,
12/7/2016,5:39:14,12/7/2016,5:39:22,AlarmRateRamp|10356,Q5,
12/7/2016,5:39:19,12/7/2016,5:39:22,AlarmRateRamp|10356,Q6,
12/7/2016,5:39:23,12/7/2016,5:39:51,AlarmRateRamp|10356,Q1,
12/7/2016,5:39:28,12/7/2016,5:39:51,AlarmRateRamp|10356,Q2,
12/7/2016,5:39:33,12/7/2016,5:39:51,AlarmRateRamp|10356,Q3,
12/7/2016,5:39:38,12/7/2016,5:39:51,AlarmRateRamp|10356,Q4,
12/7/2016,5:39:43,12/7/2016,5:39:51,AlarmRateRamp|10356,Q5,
12/7/2016,5:39:48,12/7/2016,5:39:51,AlarmRateRamp|10356,Q6,
12/7/2016,5:39:52,12/7/2016,5:40:20,AlarmRateRamp|10356,Q1,
12/7/2016,5:39:57,12/7/2016,5:40:20,AlarmRateRamp|10356,Q2,
12/7/2016,5:40:02,12/7/2016,5:40:20,AlarmRateRamp|10356,Q3,
12/7/2016,5:40:07,12/7/2016,5:40:20,AlarmRateRamp|10356,Q4,
12/7/2016,5:40:12,12/7/2016,5:40:20,AlarmRateRamp|10356,Q5,
12/7/2016,5:40:17,12/7/2016,5:40:20,AlarmRateRamp|10356,Q6,
12/7/2016,5:40:21,12/7/2016,5:40:49,AlarmRateRamp|10356,Q1,
12/7/2016,5:40:26,12/7/2016,5:40:49,BSMON10001,XA00_HW,
12/7/2016,5:40:31,12/7/2016,5:40:49,ASMON10024,XH05,
12/7/2016,5:40:36,12/7/2016,5:40:49,BSMON10001,XA00_HW,
12/7/2016,5:40:41,12/7/2016,5:40:49,BSMON10033,XH05,
12/7/2016,5:40:45,12/7/2016,5:40:49,BSMON10034,XH06,
12/7/2016,5:40:50,12/7/2016,5:41:18,BSMON10035,XH07,
12/7/2016,5:40:54,12/7/2016,5:41:18,BSMON10036,XH08,
12/7/2016,5:40:59,12/7/2016,5:41:18,BSMON10037,XH09,
12/7/2016,5:41:04,12/7/2016,5:41:18,AlarmRateRamp|10356,Q4,
12/7/2016,5:41:09,12/7/2016,5:41:18,AlarmRateRamp|10356,Q5,
12/7/2016,5:41:14,12/7/2016,5:41:18,AlarmRateRamp|10356,Q6,
12/7/2016,5:41:19,12/7/2016,5:41:47,AlarmRateRamp|10356,Q1,
12/7/2016,5:41:23,12/7/2016,5:41:47,AlarmRateRamp|10356,Q2,
12/7/2016,5:41:28,12/7/2016,5:41:47,AlarmRateRamp|10356,Q3,
12/7/2016,5:41:33,12/7/2016,5:41:47,AlarmRateRamp|10356,Q4,
12/7/2016,5:41:38,12/7/2016,5:41:47,AlarmRateRamp|10356,Q5,
12/7/2016,5:41:43,12/7/2016,5:41:47,AlarmRateRamp|10356,Q6,
12/7/2016,5:41:48,12/7/2016,5:42:15,AlarmRateRamp|10356,Q1,
12/7/2016,5:41:52,12/7/2016,5:42:15,AlarmRateRamp|10356,Q2,
12/7/2016,5:41:57,12/7/2016,5:42:15,AlarmRateRamp|10356,Q3,
12/7/2016,5:42:02,12/7/2016,5:42:15,AlarmRateRamp|10356,Q4,
12/7/2016,5:42:07,12/7/2016,5:42:15,AlarmRateRamp|10356,Q5,
12/7/2016,5:42:12,12/7/2016,5:42:15,AlarmRateRamp|10356,Q6,
12/7/2016,5:42:16,12/7/2016,5:42:43,AlarmRateRamp|10356,Q1,
12/7/2016,5:42:20,12/7/2016,5:42:43,AlarmRateRamp|10356,Q2,
12/7/2016,5:42:25,12/7/2016,5:42:43,AlarmRateRamp|10356,Q3,
12/7/2016,5:42:30,12/7/2016,5:42:43,AlarmRateRamp|10356,Q4,
12/7/2016,5:42:35,12/7/2016,5:42:43,AlarmRateRamp|10356,Q5,
12/7/2016,5:42:40,12/7/2016,5:42:43,AlarmRateRamp|10356,Q6,
12/7/2016,5:42:44,12/7/2016,5:43:11,AlarmRateRamp|10356,Q1,
12/7/2016,5:42:48,12/7/2016,5:43:11,AlarmRateRamp|10356,Q2,
12/7/2016,5:42:53,12/7/2016,5:43:11,AlarmRateRamp|10356,Q3,
12/7/2016,5:42:58,12/7/2016,5:43:11,AlarmRateRamp|10356,Q4,
12/7/2016,5:43:03,12/7/2016,5:43:11,AlarmRateRamp|10356,Q5,
12/7/2016,5:43:08,12/7/2016,5:43:11,AlarmRateRamp|10356,Q6,
12/7/2016,5:43:12,12/7/2016,5:43:39,AlarmRateRamp|10356,Q1,
12/7/2016,5:43:16,12/7/2016,5:43:39,AlarmRateRamp|10356,Q2,
12/7/2016,5:43:21,12/7/2016,5:43:39,AlarmRateRamp|10356,Q3,
12/7/2016,5:43:26,12/7/2016,5:43:39,AlarmRateRamp|10356,Q4,
12/7/2016,5:43:31,12/7/2016,5:43:39,AlarmRateRamp|10356,Q5,
12/7/2016,5:43:36,12/7/2016,5:43:39,AlarmRateRamp|10356,Q6,
12/7/2016,5:43:40,12/7/2016,5:44:07,AlarmRateRamp|10356,Q1,
12/7/2016,5:43:44,12/7/2016,5:44:07,AlarmRateRamp|10356,Q2,
12/7/2016,5:43:49,12/7/2016,5:44:07,AlarmRateRamp|10356,Q3,
12/7/2016,5:43:54,12/7/2016,5:44:07,AlarmRateRamp|10356,Q4,
12/7/2016,5:43:59,12/7/2016,5:44:07,AlarmRateRamp|10356,Q5,
12/7/2016,5:44:04,12/7/2016,5:44:07,AlarmRateRamp|10356,Q6,
12/7/2016,5:44:08,12/7/2016,5:44:35,AlarmRateRamp|10356,Q1,
12/7/2016,5:44:12,12/7/2016,5:44:35,AlarmRateRamp|10356,Q2,
12/7/2016,5:44:17,12/7/2016,5:44:35,AlarmRateRamp|10356,Q3,
12/7/2016,5:44:22,12/7/2016,5:44:35,ASMON10001,XA00_HW,
12/7/2016,5:44:27,12/7/2016,5:44:35,ASMON10002,XA01,
12/7/2016,5:44:32,12/7/2016,5:44:35,ASMON10003,XA02,
12/7/2016,5:44:36,12/7/2016,5:45:03,ASMON10004,XH01,
12/7/2016,5:44:40,12/7/2016,5:45:03,ASMON10005,XH03,
12/7/2016,5:44:45,12/7/2016,5:45:03,ASMON10003,XA02,
12/7/2016,5:44:50,12/7/2016,5:45:03,ASMON10007,XH52,
12/7/2016,5:44:55,12/7/2016,5:45:03,ASMON10008,XM23,
12/7/2016,5:45:00,12/7/2016,5:45:03,AlarmRateRamp|10458,Q6,
12/7/2016,5:45:04,12/7/2016,5:45:31,AlarmRateRamp|10459,Q1,
12/7/2016,5:45:08,12/7/2016,5:45:31,AlarmRateRamp|10460,Q2,
12/7/2016,5:45:13,12/7/2016,5:45:31,AlarmRateRamp|10461,Q3,
12/7/2016,5:45:18,12/7/2016,5:45:31,AlarmRateRamp|10462,Q4,
12/7/2016,5:45:23,12/7/2016,5:45:31,AlarmRateRamp|10463,Q5,
12/7/2016,5:45:28,12/7/2016,5:45:31,AlarmRateRamp|10464,Q6,
12/7/2016,5:45:32,12/7/2016,5:45:59,AlarmRateRamp|10465,Q1,
12/7/2016,5:45:36,12/7/2016,5:45:59,AlarmRateRamp|10466,Q2,
12/7/2016,5:45:41,12/7/2016,5:45:59,AlarmRateRamp|10467,Q3,
12/7/2016,5:45:46,12/7/2016,5:45:59,AlarmRateRamp|10468,Q4,
12/7/2016,5:45:51,12/7/2016,5:45:59,AlarmRateRamp|10356,Q5,
12/7/2016,5:45:56,12/7/2016,5:45:59,AlarmRateRamp|10356,Q6,
12/7/2016,5:46:00,12/7/2016,5:46:27,AlarmRateRamp|10356,Q1,
12/7/2016,5:46:04,12/7/2016,5:46:27,AlarmRateRamp|10356,Q2,
12/7/2016,5:46:09,12/7/2016,5:46:27,BSMON10011,XA01,
12/7/2016,5:46:14,12/7/2016,5:46:27,BSMON10012,XA02,
12/7/2016,5:46:19,12/7/2016,5:46:27,ASMON10017,XM23,
12/7/2016,5:46:23,12/7/2016,5:46:27,ASMON10009,XQ01,
12/7/2016,5:46:28,12/7/2016,5:46:55,ASMON10005,XH03,
12/7/2016,5:46:32,12/7/2016,5:46:55,ASMON10006,XH04,
12/7/2016,5:46:37,12/7/2016,5:46:55,ASMON10007,XH05,
12/7/2016,5:46:42,12/7/2016,5:46:55,ASMON10008,XH06,
12/7/2016,5:46:47,12/7/2016,5:46:55,ASMON10009,XH07,
12/7/2016,5:46:51,12/7/2016,5:46:55,ASMON10010,XH08,
12/7/2016,5:46:56,12/7/2016,5:47:22,ASMON10011,XH09,
12/7/2016,5:47:00,12/7/2016,5:47:22,ASMON10012,XH10,
12/7/2016,5:47:05,12/7/2016,5:47:22,ASMON10013,XH11,
12/7/2016,5:47:10,12/7/2016,5:47:22,ASMON10014,XH12,
12/7/2016,5:47:15,12/7/2016,5:47:22,ASMON10015,XH13,
12/7/2016,5:47:19,12/7/2016,5:47:22,ASMON10016,XH14,
12/7/2016,5:47:23,12/7/2016,5:47:49,ASMON10017,XH15,
12/7/2016,5:47:27,12/7/2016,5:47:49,ASMON10018,XH16,
12/7/2016,5:47:32,12/7/2016,5:47:49,ASMON10019,XH17,
12/7/2016,5:47:37,12/7/2016,5:47:49,ASMON10020,XH18,
12/7/2016,5:47:41,12/7/2016,5:47:49,ASMON10021,XH19,
12/7/2016,5:47:46,12/7/2016,5:47:49,ASMON10022,Q6,
12/7/2016,5:47:50,12/7/2016,5:48:16,AlarmRateRamp|10356,Q1,
12/7/2016,5:47:54,12/7/2016,5:48:16,AlarmRateRamp|10356,Q2,
12/7/2016,5:47:59,12/7/2016,5:48:16,AlarmRateRamp|10356,Q3,
12/7/2016,5:48:04,12/7/2016,5:48:16,AlarmRateRamp|10356,Q4,
12/7/2016,5:48:08,12/7/2016,5:48:16,AlarmRateRamp|10356,Q5,
12/7/2016,5:48:13,12/7/2016,5:48:16,AlarmRateRamp|10356,Q6,
12/7/2016,5:48:17,12/7/2016,5:48:43,AlarmRateRamp|10356,Q1,
12/7/2016,5:48:21,12/7/2016,5:48:43,AlarmRateRamp|10356,Q2,
12/7/2016,5:48:26,12/7/2016,5:48:43,AlarmRateRamp|10356,Q3,
12/7/2016,5:48:31,12/7/2016,5:48:43,AlarmRateRamp|10356,Q4,
12/7/2016,5:48:35,12/7/2016,5:48:43,AlarmRateRamp|10356,Q5,
12/7/2016,5:48:40,12/7/2016,5:48:43,AlarmRateRamp|10356,Q6,
12/7/2016,5:48:44,12/7/2016,5:49:10,AlarmRateRamp|10356,Q1,
12/7/2016,5:48:48,12/7/2016,5:49:10,AlarmRateRamp|10356,Q2,
12/7/2016,5:48:53,12/7/2016,5:49:10,AlarmRateRamp|10356,Q3,
12/7/2016,5:48:58,12/7/2016,5:49:10,AlarmRateRamp|10356,Q4,
12/7/2016,5:49:02,12/7/2016,5:49:10,AlarmRateRamp|10356,Q5,
12/7/2016,5:49:07,12/7/2016,5:49:10,AlarmRateRamp|10356,Q6,
12/7/2016,5:49:11,12/7/2016,5:49:37,AlarmRateRamp|10356,Q1,
12/7/2016,5:49:15,12/7/2016,5:49:37,AlarmRateRamp|10356,Q2,
12/7/2016,5:49:20,12/7/2016,5:49:37,AlarmRateRamp|10356,Q3,
12/7/2016,5:49:25,12/7/2016,5:49:37,AlarmRateRamp|10356,Q4,
12/7/2016,5:49:29,12/7/2016,5:49:37,AlarmRateRamp|10356,Q5,
12/7/2016,5:49:34,12/7/2016,5:49:37,AlarmRateRamp|10356,Q6,
12/7/2016,5:49:38,12/7/2016,5:50:04,AlarmRateRamp|10356,Q1,
12/7/2016,5:49:42,12/7/2016,5:50:04,AlarmRateRamp|10356,Q2,
12/7/2016,5:49:47,12/7/2016,5:50:04,AlarmRateRamp|10356,Q3,
12/7/2016,5:49:52,12/7/2016,5:50:04,AlarmRateRamp|10356,Q4,
12/7/2016,5:49:56,12/7/2016,5:50:04,AlarmRateRamp|10357,Q5,
12/7/2016,5:50:01,12/7/2016,5:50:04,AlarmRateRamp|10358,Q6,
12/7/2016,5:50:05,12/7/2016,5:50:31,AlarmRateRamp|10359,Q1,
12/7/2016,5:50:09,12/7/2016,5:50:31,AlarmRateRamp|10360,Q2,
12/7/2016,5:50:14,12/7/2016,5:50:31,AlarmRateRamp|10361,Q3,
12/7/2016,5:50:18,12/7/2016,5:50:31,AlarmRateRamp|10362,Q4,
12/7/2016,5:50:23,12/7/2016,5:50:31,AlarmRateRamp|10363,Q5,
12/7/2016,5:50:28,12/7/2016,5:50:31,AlarmRateRamp|10364,Q6,
12/7/2016,5:50:32,12/7/2016,5:50:58,AlarmRateRamp|10365,Q1,
12/7/2016,5:50:36,12/7/2016,5:50:58,AlarmRateRamp|10366,Q2,
12/7/2016,5:50:41,12/7/2016,5:50:58,AlarmRateRamp|10367,Q3,
12/7/2016,5:50:45,12/7/2016,5:50:58,AlarmRateRamp|10368,Q4,
12/7/2016,5:50:50,12/7/2016,5:50:58,AlarmRateRamp|10369,Q5,
12/7/2016,5:50:55,12/7/2016,5:50:58,AlarmRateRamp|10370,Q6,
12/7/2016,5:50:59,12/7/2016,5:51:25,AlarmRateRamp|10371,Q1,
12/7/2016,5:51:03,12/7/2016,5:51:25,AlarmRateRamp|10372,Q2,
12/7/2016,5:51:08,12/7/2016,5:51:25,AlarmRateRamp|10373,Q3,
12/7/2016,5:51:12,12/7/2016,5:51:25,AlarmRateRamp|10356,Q4,
12/7/2016,5:51:17,12/7/2016,5:51:25,AlarmRateRamp|10356,Q5,
12/7/2016,5:51:22,12/7/2016,5:51:25,AlarmRateRamp|10356,Q6,
12/7/2016,5:51:26,12/7/2016,5:51:52,AlarmRateRamp|10356,Q1,
12/7/2016,5:51:30,12/7/2016,5:51:52,AlarmRateRamp|10356,Q2,
12/7/2016,5:51:35,12/7/2016,5:51:52,AlarmRateRamp|10356,Q3,
12/7/2016,5:51:39,12/7/2016,5:51:52,AlarmRateRamp|10356,Q4,
12/7/2016,5:51:44,12/7/2016,5:51:52,AlarmRateRamp|10356,Q5,
12/7/2016,5:51:49,12/7/2016,5:51:52,AlarmRateRamp|10356,Q6,
12/7/2016,5:51:53,12/7/2016,5:52:19,AlarmRateRamp|10356,Q1,
12/7/2016,5:51:57,12/7/2016,5:52:19,AlarmRateRamp|10356,Q2,
12/7/2016,5:52:02,12/7/2016,5:52:19,AlarmRateRamp|10356,Q3,
12/7/2016,5:52:06,12/7/2016,5:52:19,ASMON10005,XH03,
12/7/2016,5:52:11,12/7/2016,5:52:19,ASMON10009,XQ01,
12/7/2016,5:52:15,12/7/2016,5:52:19,BSMON10016,XH52,
12/7/2016,5:52:20,12/7/2016,5:52:46,ASMON10005,XH03,
12/7/2016,5:52:24,12/7/2016,5:52:46,ASMON10005,XH03,
12/7/2016,5:52:29,12/7/2016,5:52:46,ASMON10005,XH03,
12/7/2016,5:52:33,12/7/2016,5:52:46,ASMON10005,XH03,
12/7/2016,5:52:38,12/7/2016,5:52:46,ASMON10005,XH03,
12/7/2016,5:52:42,12/7/2016,5:52:46,ASMON10006,XH04,
12/7/2016,5:52:47,12/7/2016,5:53:12,ASMON10007,XH05,
12/7/2016,5:52:51,12/7/2016,5:53:12,ASMON10008,XH06,
12/7/2016,5:52:56,12/7/2016,5:53:12,ASMON10009,XH07,
12/7/2016,5:53:00,12/7/2016,5:53:12,ASMON10010,XH08,
12/7/2016,5:53:05,12/7/2016,5:53:12,ASMON10011,XH09,
12/7/2016,5:53:09,12/7/2016,5:53:12,ASMON10012,XH10,
12/7/2016,5:53:13,12/7/2016,5:53:38,ASMON10013,XH11,
12/7/2016,5:53:17,12/7/2016,5:53:38,ASMON10014,XH12,
12/7/2016,5:53:22,12/7/2016,5:53:38,AlarmRateRamp|10356,XH13,
12/7/2016,5:53:26,12/7/2016,5:53:38,AlarmRateRamp|10356,XH14,
12/7/2016,5:53:31,12/7/2016,5:53:38,AlarmRateRamp|10356,Q5,
12/7/2016,5:53:35,12/7/2016,5:53:38,AlarmRateRamp|10356,Q6,
12/7/2016,5:53:39,12/7/2016,5:54:04,AlarmRateRamp|10356,Q1,
12/7/2016,5:53:43,12/7/2016,5:54:04,AlarmRateRamp|10356,Q2,
12/7/2016,5:53:48,12/7/2016,5:54:04,AlarmRateRamp|10356,Q3,
12/7/2016,5:53:52,12/7/2016,5:54:04,AlarmRateRamp|10356,Q4,
12/7/2016,5:53:57,12/7/2016,5:54:04,AlarmRateRamp|10356,Q5,
12/7/2016,5:54:01,12/7/2016,5:54:04,AlarmRateRamp|10356,Q6,
12/7/2016,5:54:05,12/7/2016,5:54:30,AlarmRateRamp|10356,Q1,
12/7/2016,5:54:09,12/7/2016,5:54:30,AlarmRateRamp|10356,Q2,
12/7/2016,5:54:14,12/7/2016,5:54:30,AlarmRateRamp|10356,Q3,
12/7/2016,5:54:18,12/7/2016,5:54:30,AlarmRateRamp|10356,Q4,
12/7/2016,5:54:23,12/7/2016,5:54:30,AlarmRateRamp|10356,Q5,
12/7/2016,5:54:27,12/7/2016,5:54:30,AlarmRateRamp|10356,Q6,
12/7/2016,5:54:31,12/7/2016,5:54:56,AlarmRateRamp|10356,Q1,
12/7/2016,5:54:35,12/7/2016,5:54:56,AlarmRateRamp|10356,Q2,
12/7/2016,5:54:40,12/7/2016,5:54:56,AlarmRateRamp|10356,Q3,
12/7/2016,5:54:44,12/7/2016,5:54:56,AlarmRateRamp|10356,Q4,
12/7/2016,5:54:49,12/7/2016,5:54:56,AlarmRateRamp|10356,Q5,
12/7/2016,5:54:53,12/7/2016,5:54:56,AlarmRateRamp|10356,Q6,
12/7/2016,5:54:57,12/7/2016,5:55:22,AlarmRateRamp|10356,Q1,
12/7/2016,5:55:01,12/7/2016,5:55:22,AlarmRateRamp|10356,Q2,
12/7/2016,5:55:06,12/7/2016,5:55:22,AlarmRateRamp|10356,Q3,
12/7/2016,5:55:10,12/7/2016,5:55:22,AlarmRateRamp|10356,Q4,
12/7/2016,5:55:15,12/7/2016,5:55:22,AlarmRateRamp|10356,Q5,
12/7/2016,5:55:19,12/7/2016,5:55:22,AlarmRateRamp|10356,Q6,
12/7/2016,5:55:23,12/7/2016,5:55:48,AlarmRateRamp|10356,Q1,
12/7/2016,5:55:27,12/7/2016,5:55:48,AlarmRateRamp|10356,Q2,
12/7/2016,5:55:31,12/7/2016,5:55:48,AlarmRateRamp|10356,Q3,
12/7/2016,5:55:36,12/7/2016,5:55:48,AlarmRateRamp|10356,Q4,
12/7/2016,5:55:40,12/7/2016,5:55:48,AlarmRateRamp|10356,Q5,
12/7/2016,5:55:45,12/7/2016,5:55:48,AlarmRateRamp|10356,Q6,
12/7/2016,5:55:49,12/7/2016,5:56:14,AlarmRateRamp|10356,Q1,
12/7/2016,5:55:53,12/7/2016,5:56:14,AlarmRateRamp|10356,Q2,
12/7/2016,5:55:57,12/7/2016,5:56:14,AlarmRateRamp|10356,Q3,
12/7/2016,5:56:02,12/7/2016,5:56:14,AlarmRateRamp|10356,Q4,
12/7/2016,5:56:06,12/7/2016,5:56:14,AlarmRateRamp|10356,Q5,
12/7/2016,5:56:11,12/7/2016,5:56:14,AlarmRateRamp|10356,Q6,
,,,,,,
,,,,,,
,,,,,,
,,,,,,
,,,,,,
,,,,,,
,,,,,,
,,,,,,
,,,,,,
,,,,,,
,,,,,,
,,,,,,
,,,,,,
,,,,,,
,,,,,,
,,,,,,
,,,,,,
,,,,,,
,,,,,,
,,,,,,
,,,,,,
,,,,,,
,,,,,,
,,,,,,
,,,,,,
,,,,,,
,,,,,,
,,,,,,
,,,,,,
,,,,,,
,,,,,,
,,,,,,
,,,,,,
,,,,,,
,,,,,,
,,,,,,
,,,,,,
,,,,,,
,,,,,,
,,,,,,
,,,,,,
,,,,,,
,,,,,,
,,,,,,
,,,,,,
,,,,,,
,,,,,,
,,,,,,
,,,,,,
,,,,,,
,,,,,,
,,,,,,
,,,,,,
,,,,,,
,,,,,,
,,,,,,
,,,,,,
,,,,,,
,,,,,,
,,,,,,
,,,,,,
,,,,,,
,,,,,,
,,,,,,
,,,,,,
,,,,,,
,,,,,,
,,,,,,
,,,,,,
,,,,,,
,,,,,,
,,,,,,
,,,,,,
,,,,,,
,,,,,,
,,,,,,
,,,,,,
,,,,,,
,,,,,,
,,,,,,
,,,,,,
,,,,,,
,,,,,,
,,,,,,
,,,,,,
,,,,,,
,,,,,,
,,,,,,
,,,,,,
,,,,,,
,,,,,,
,,,,,,
,,,,,,
,,,,,,
,,,,,,
,,,,,,
,,,,,,
,,,,,,
,,,,,,
,,,,,,
,,,,,,
,,,,,,
,,,,,,
,,,,,,
,,,,,,
,,,,,,
,,,,,,
,,,,,,
,,,,,,
,,,,,,
,,,,,,
,,,,,,
,,,,,,
,,,,,,
,,,,,,
,,,,,,
,,,,,,
,,,,,,
,,,,,,
,,,,,,
,,,,,,
,,,,,,
,,,,,,
,,,,,,
,,,,,,
,,,,,,
,,,,,,
,,,,,,
,,,,,,
,,,,,,
,,,,,,
,,,,,,
,,,,,,
,,,,,,
,,,,,,
,,,,,,
,,,,,,
,,,,,,
,,,,,,
,,,,,,
,,,,,,
,,,,,,
,,,,,,
,,,,,,
,,,,,,
,,,,,,
,,,,,,
,,,,,,
,,,,,,
,,,,,,
,,,,,,
,,,,,,
,,,,,,
,,,,,,
,,,,,,
,,,,,,
,,,,,,
,,,,,,
,,,,,,
,,,,,,
,,,,,,
,,,,,,
,,,,,,
,,,,,,
,,,,,,
,,,,,,
,,,,,,
,,,,,,
,,,,,,
,,,,,,
,,,,,,
,,,,,,
,,,,,,
,,,,,,
,,,,,,
,,,,,,
,,,,,,
,,,,,,
,,,,,,
,,,,,,
,,,,,,
,,,,,,
,,,,,,
,,,,,,
,,,,,,
,,,,,,
,,,,,,
,,,,,,
,,,,,,
,,,,,,
,,,,,,
,,,,,,
,,,,,,
,,,,,,
,,,,,,
,,,,,,
,,,,,,
,,,,,,
,,,,,,
,,,,,,
,,,,,,
,,,,,,
,,,,,,
,,,,,,
,,,,,,
,,,,,,
,,,,,,
,,,,,,
,,,,,,
,,,,,,
,,,,,,
,,,,,,
,,,,,,
,,,,,,
,,,,,,
,,,,,,
,,,,,,
,,,,,,
,,,,,,
,,,,,,
,,,,,,
,,,,,,
,,,,,,
,,,,,,
,,,,,,
,,,,,,
,,,,,,
,,,,,,
,,,,,,
,,,,,,
,,,,,,
,,,,,,
,,,,,,
,,,,,,
,,,,,,
,,,,,,
,,,,,,
,,,,,,
,,,,,,
,,,,,,
,,,,,,
,,,,,,
,,,,,,
,,,,,,
,,,,,,
,,,,,,
,,,,,,
,,,,,,
,,,,,,
,,,,,,
,,,,,,
,,,,,,
,,,,,,
,,,,,,
,,,,,,
,,,,,,
,,,,,,
,,,,,,
,,,,,,
,,,,,,
,,,,,,
,,,,,,
,,,,,,
,,,,,,
,,,,,,
,,,,,,
,,,,,,
,,,,,,
,,,,,,
,,,,,,
,,,,,,
,,,,,,
,,,,,,
,,,,,,
,,,,,,
,,,,,,
,,,,,,
,,,,,,
,,,,,,
,,,,,,
,,,,,,
,,,,,,
,,,,,,
,,,,,,
,,,,,,
,,,,,,
,,,,,,
,,,,,,
,,,,,,
,,,,,,
,,,,,,
,,,,,,
,,,,,,
,,,,,,
,,,,,,
,,,,,,
,,,,,,
,,,,,,
,,,,,,
,,,,,,
,,,,,,
,,,,,,
,,,,,,
,,,,,,
,,,,,,
,,,,,,
,,,,,,
,,,,,,
,,,,,,
,,,,,,
,,,,,,
,,,,,,
,,,,,,
,,,,,,
,,,,,,
,,,,,,
,,,,,,
,,,,,,
,,,,,,
,,,,,,
,,,,,,
,,,,,,
,,,,,,
,,,,,,
,,,,,,
,,,,,,
,,,,,,
,,,,,,
,,,,,,
,,,,,,
,,,,,,
,,,,,,
,,,,,,
,,,,,,
,,,,,,
,,,,,,
,,,,,,
,,,,,,
,,,,,,
,,,,,,
,,,,,,
,,,,,,
,,,,,,
,,,,,,
,,,,,,
,,,,,,
,,,,,,
,,,,,,
,,,,,,
,,,,,,
,,,,,,
,,,,,,
,,,,,,
,,,,,,
,,,,,,
,,,,,,
,,,,,,
,,,,,,
,,,,,,
,,,,,,
,,,,,,
,,,,,,
,,,,,,
,,,,,,
,,,,,,
,,,,,,
,,,,,,
,,,,,,
,,,,,,
,,,,,,
,,,,,,
,,,,,,
,,,,,,
,,,,,,
,,,,,,
,,,,,,
,,,,,,
,,,,,,
,,,,,,
,,,,,,
,,,,,,
,,,,,,
,,,,,,
,,,,,,
,,,,,,
,,,,,,
,,,,,,
,,,,,,
,,,,,,
,,,,,,
,,,,,,
,,,,,,
,,,,,,
,,,,,,
,,,,,,
,,,,,,
,,,,,,
,,,,,,
,,,,,,
,,,,,,
,,,,,,
,,,,,,
,,,,,,
,,,,,,
,,,,,,
,,,,,,
,,,,,,
,,,,,,
,,,,,,
,,,,,,
,,,,,,
,,,,,,
,,,,,,
,,,,,,
,,,,,,
,,,,,,
,,,,,,
,,,,,,
,,,,,,
,,,,,,
,,,,,,
,,,,,,
,,,,,,
,,,,,,
,,,,,,
,,,,,,
,,,,,,
,,,,,,
,,,,,,
,,,,,,
,,,,,,
,,,,,,
,,,,,,
,,,,,,
,,,,,,
,,,,,,
,,,,,,
,,,,,,
,,,,,,
,,,,,,
,,,,,,
,,,,,,
,,,,,,
,,,,,,
,,,,,,
,,,,,,
,,,,,,
,,,,,,
,,,,,,
,,,,,,
,,,,,,
,,,,,,
,,,,,,
,,,,,,
,,,,,,
,,,,,,
,,,,,,
,,,,,,
,,,,,,
,,,,,,
,,,,,,
,,,,,,
,,,,,,
,,,,,,
,,,,,,
,,,,,,
,,,,,,
,,,,,,
,,,,,,
,,,,,,
,,,,,,
,,,,,,
,,,,,,
,,,,,,
,,,,,,
,,,,,,
,,,,,,
,,,,,,
,,,,,,
,,,,,,
,,,,,,
,,,,,,
,,,,,,
,,,,,,
,,,,,,
,,,,,,
,,,,,,
,,,,,,
,,,,,,
,,,,,,
,,,,,,
,,,,,,
,,,,,,
,,,,,,
,,,,,,
,,,,,,
,,,,,,
,,,,,,
,,,,,,
,,,,,,
,,,,,,
,,,,,,
,,,,,,
,,,,,,
,,,,,,
,,,,,,
,,,,,,
,,,,,,
,,,,,,
,,,,,,
,,,,,,
,,,,,,
,,,,,,
,,,,,,
,,,,,,
,,,,,,
,,,,,,
,,,,,,
,,,,,,
,,,,,,
,,,,,,
,,,,,,
,,,,,,
,,,,,,
,,,,,,
,,,,,,
,,,,,,
,,,,,,
,,,,,,
,,,,,,
,,,,,,
,,,,,,
,,,,,,
,,,,,,
,,,,,,
,,,,,,
,,,,,,
,,,,,,
,,,,,,
,,,,,,
,,,,,,
,,,,,,
,,,,,,
,,,,,,
,,,,,,
,,,,,,
,,,,,,
,,,,,,
,,,,,,
,,,,,,
,,,,,,
,,,,,,
,,,,,,
,,,,,,
,,,,,,
,,,,,,
,,,,,,
,,,,,,
,,,,,,
,,,,,,
,,,,,,
,,,,,,
,,,,,,
,,,,,,
,,,,,,
,,,,,,
,,,,,,
,,,,,,
,,,,,,
,,,,,,
,,,,,,
,,,,,,
,,,,,,
,,,,,,
,,,,,,
,,,,,,
,,,,,,
,,,,,,
,,,,,,
,,,,,,
,,,,,,
,,,,,,
,,,,,,
,,,,,,
,,,,,,
,,,,,,
,,,,,,
,,,,,,
,,,,,,
,,,,,,
,,,,,,
,,,,,,
,,,,,,
,,,,,,
,,,,,,
,,,,,,
,,,,,,
,,,,,,
,,,,,,
,,,,,,
,,,,,,
,,,,,,
,,,,,,
,,,,,,
,,,,,,
,,,,,,
,,,,,,
,,,,,,
,,,,,,
,,,,,,
,,,,,,
,,,,,,
,,,,,,
,,,,,,
,,,,,,
,,,,,,
,,,,,,
,,,,,,
,,,,,,
,,,,,,
,,,,,,
,,,,,,
,,,,,,
,,,,,,
,,,,,,
,,,,,,
,,,,,,
,,,,,,
,,,,,,
,,,,,,
,,,,,,
,,,,,,
,,,,,,
,,,,,,
,,,,,,
,,,,,,
,,,,,,
,,,,,,
,,,,,,
,,,,,,
,,,,,,
,,,,,,
,,,,,,
,,,,,,
,,,,,,
,,,,,,
,,,,,,
,,,,,,
,,,,,,
,,,,,,
,,,,,,
,,,,,,
,,,,,,
,,,,,,
,,,,,,
,,,,,,
,,,,,,
,,,,,,
,,,,,,
,,,,,,
,,,,,,
,,,,,,
,,,,,,
,,,,,,
,,,,,,
,,,,,,
,,,,,,
,,,,,,
,,,,,,
,,,,,,
,,,,,,
,,,,,,
,,,,,,
,,,,,,
,,,,,,
,,,,,,
,,,,,,
,,,,,,
,,,,,,
,,,,,,
,,,,,,
,,,,,,
,,,,,,
,,,,,,
,,,,,,
,,,,,,
,,,,,,
,,,,,,
,,,,,,
,,,,,,
,,,,,,
,,,,,,
,,,,,,
,,,,,,
,,,,,,
,,,,,,
,,,,,,
,,,,,,
,,,,,,
,,,,,,
,,,,,,
,,,,,,
,,,,,,
,,,,,,
,,,,,,
,,,,,,
,,,,,,
,,,,,,
,,,,,,
,,,,,,
,,,,,,
,,,,,,
,,,,,,
,,,,,,
,,,,,,
,,,,,,
,,,,,,
,,,,,,
,,,,,,
,,,,,,
,,,,,,
,,,,,,
,,,,,,
,,,,,,
,,,,,,
,,,,,,
,,,,,,
,,,,,,
,,,,,,
,,,,,,
,,,,,,
,,,,,,
,,,,,,
,,,,,,
,,,,,,
,,,,,,
,,,,,,
,,,,,,
,,,,,,
,,,,,,
,,,,,,
,,,,,,
,,,,,,
,,,,,,
,,,,,,
,,,,,,
,,,,,,
,,,,,,
,,,,,,
,,,,,,
,,,,,,
,,,,,,
,,,,,,
,,,,,,
,,,,,,
,,,,,,
,,,,,,
,,,,,,
,,,,,,
,,,,,,
,,,,,,
,,,,,,
,,,,,,
,,,,,,
,,,,,,
,,,,,,
,,,,,,
,,,,,,
,,,,,,
,,,,,,
,,,,,,
,,,,,,
,,,,,,
,,,,,,
,,,,,,
,,,,,,
,,,,,,
,,,,,,
,,,,,,
,,,,,,
,,,,,,
,,,,,,
,,,,,,
,,,,,,
,,,,,,
,,,,,,
,,,,,,
,,,,,,
,,,,,,
,,,,,,
,,,,,,
,,,,,,
,,,,,,
,,,,,,
,,,,,,
,,,,,,
,,,,,,
,,,,,,
,,,,,,
,,,,,,
,,,,,,
,,,,,,
,,,,,,
,,,,,,
,,,,,,
,,,,,,
,,,,,,
,,,,,,
,,,,,,
,,,,,,
,,,,,,
,,,,,,
,,,,,,
,,,,,,
,,,,,,
,,,,,,
,,,,,,
,,,,,,
,,,,,,
,,,,,,
,,,,,,
,,,,,,
,,,,,,
,,,,,,
,,,,,,
,,,,,,
,,,,,,
,,,,,,
,,,,,,
,,,,,,
,,,,,,
,,,,,,
,,,,,,
,,,,,,
,,,,,,
,,,,,,
,,,,,,
,,,,,,
,,,,,,
,,,,,,
,,,,,,
,,,,,,
,,,,,,
,,,,,,
,,,,,,
,,,,,,
,,,,,,
,,,,,,
,,,,,,
,,,,,,
,,,,,,
,,,,,,
,,,,,,
,,,,,,
,,,,,,
,,,,,,
,,,,,,
,,,,,,
,,,,,,
,,,,,,
,,,,,,
,,,,,,
,,,,,,
,,,,,,
,,,,,,
,,,,,,
,,,,,,
,,,,,,
,,,,,,
,,,,,,
,,,,,,
,,,,,,
,,,,,,
,,,,,,
,,,,,,
,,,,,,
,,,,,,
,,,,,,
,,,,,,
,,,,,,
,,,,,,
,,,,,,
,,,,,,
,,,,,,
,,,,,,
,,,,,,
,,,,,,
,,,,,,
,,,,,,
,,,,,,
,,,,,,
,,,,,,
,,,,,,
,,,,,,
,,,,,,
,,,,,,
,,,,,,
,,,,,,
,,,,,,
,,,,,,
,,,,,,
,,,,,,
,,,,,,
,,,,,,
,,,,,,
,,,,,,
,,,,,,
,,,,,,
,,,,,,
,,,,,,
,,,,,,
,,,,,,
,,,,,,
,,,,,,
,,,,,,
,,,,,,
,,,,,,
,,,,,,
,,,,,,
,,,,,,
,,,,,,
,,,,,,
,,,,,,
,,,,,,
,,,,,,
,,,,,,
,,,,,,
,,,,,,
,,,,,,
,,,,,,
,,,,,,
,,,,,,
,,,,,,
,,,,,,
,,,,,,
,,,,,,
,,,,,,
,,,,,,
,,,,,,
,,,,,,
,,,,,,
,,,,,,
,,,,,,
,,,,,,
,,,,,,
,,,,,,
,,,,,,
,,,,,,
,,,,,,
,,,,,,
,,,,,,
,,,,,,
,,,,,,
,,,,,,
,,,,,,
,,,,,,
,,,,,,
,,,,,,
,,,,,,
,,,,,,
,,,,,,
,,,,,,
,,,,,,
,,,,,,
,,,,,,
,,,,,,
,,,,,,
,,,,,,
,,,,,,
,,,,,,
,,,,,,
,,,,,,
,,,,,,
,,,,,,
,,,,,,
,,,,,,
,,,,,,
,,,,,,
,,,,,,
,,,,,,
,,,,,,
,,,,,,
,,,,,,
,,,,,,
,,,,,,
,,,,,,
,,,,,,
,,,,,,
,,,,,,
,,,,,,
,,,,,,
,,,,,,
,,,,,,
,,,,,,
,,,,,,
,,,,,,
,,,,,,
,,,,,,
,,,,,,
,,,,,,
,,,,,,
,,,,,,
,,,,,,
,,,,,,
,,,,,,
,,,,,,
,,,,,,
,,,,,,
,,,,,,
,,,,,,
,,,,,,
,,,,,,
,,,,,,
,,,,,,
,,,,,,
,,,,,,
,,,,,,
,,,,,,
,,,,,,
,,,,,,
,,,,,,
,,,,,,
,,,,,,
,,,,,,
,,,,,,
,,,,,,
,,,,,,
,,,,,,
,,,,,,
,,,,,,
,,,,,,
,,,,,,
,,,,,,
,,,,,,
,,,,,,
,,,,,,
,,,,,,
,,,,,,
,,,,,,
,,,,,,
,,,,,,
,,,,,,
,,,,,,
,,,,,,
,,,,,,
,,,,,,
,,,,,,
,,,,,,
,,,,,,
,,,,,,
,,,,,,
,,,,,,
,,,,,,
,,,,,,
,,,,,,
,,,,,,
,,,,,,
,,,,,,
,,,,,,
,,,,,,
,,,,,,
,,,,,,
,,,,,,
,,,,,,
,,,,,,
,,,,,,
,,,,,,
,,,,,,
,,,,,,
,,,,,,
,,,,,,
,,,,,,
,,,,,,
,,,,,,
,,,,,,
,,,,,,
,,,,,,
,,,,,,
,,,,,,
,,,,,,
,,,,,,
,,,,,,
,,,,,,
,,,,,,
,,,,,,
,,,,,,
,,,,,,
,,,,,,
,,,,,,
,,,,,,
,,,,,,
,,,,,,
,,,,,,
,,,,,,
,,,,,,
,,,,,,
,,,,,,
,,,,,,
,,,,,,
,,,,,,
,,,,,,
,,,,,,
,,,,,,
,,,,,,
,,,,,,
,,,,,,
,,,,,,
,,,,,,
,,,,,,
,,,,,,
,,,,,,
,,,,,,
,,,,,,
,,,,,,
,,,,,,
,,,,,,
,,,,,,
,,,,,,
,,,,,,
,,,,,,
,,,,,,
,,,,,,
,,,,,,
,,,,,,
,,,,,,
,,,,,,
,,,,,,
,,,,,,
,,,,,,
,,,,,,
,,,,,,
,,,,,,
,,,,,,
,,,,,,
,,,,,,
,,,,,,
,,,,,,
,,,,,,
,,,,,,
,,,,,,
,,,,,,
,,,,,,
,,,,,,
,,,,,,
,,,,,,
,,,,,,
,,,,,,
,,,,,,
,,,,,,
,,,,,,
,,,,,,
,,,,,,
,,,,,,
,,,,,,
,,,,,,
,,,,,,
,,,,,,
,,,,,,
,,,,,,
,,,,,,
,,,,,,
,,,,,,
,,,,,,
,,,,,,
,,,,,,
,,,,,,
,,,,,,
,,,,,,
,,,,,,
,,,,,,
,,,,,,
,,,,,,
,,,,,,
,,,,,,
,,,,,,
,,,,,,
,,,,,,
,,,,,,
,,,,,,
,,,,,,
,,,,,,
,,,,,,
,,,,,,
,,,,,,
,,,,,,
,,,,,,
,,,,,,
,,,,,,
,,,,,,
,,,,,,
,,,,,,
,,,,,,
,,,,,,
,,,,,,
,,,,,,
,,,,,,
,,,,,,
,,,,,,
,,,,,,
,,,,,,
,,,,,,
,,,,,,
,,,,,,
,,,,,,
,,,,,,
,,,,,,
,,,,,,
,,,,,,
,,,,,,
,,,,,,
,,,,,,
,,,,,,
,,,,,,
,,,,,,
,,,,,,
,,,,,,
,,,,,,
,,,,,,
,,,,,,
,,,,,,
,,,,,,
,,,,,,
,,,,,,
,,,,,,
,,,,,,
,,,,,,
,,,,,,
,,,,,,
,,,,,,
,,,,,,
,,,,,,
,,,,,,
,,,,,,
,,,,,,
,,,,,,
,,,,,,
,,,,,,
,,,,,,
,,,,,,
,,,,,,
,,,,,,
,,,,,,
,,,,,,
,,,,,,
,,,,,,
,,,,,,
,,,,,,
,,,,,,
,,,,,,
,,,,,,
,,,,,,
,,,,,,
,,,,,,
,,,,,,
,,,,,,
,,,,,,
,,,,,,
,,,,,,
,,,,,,
,,,,,,
,,,,,,
,,,,,,
,,,,,,
,,,,,,
,,,,,,
,,,,,,
,,,,,,
,,,,,,
,,,,,,
,,,,,,
,,,,,,
,,,,,,
,,,,,,
,,,,,,
,,,,,,
,,,,,,
,,,,,,
,,,,,,
,,,,,,
,,,,,,
,,,,,,
,,,,,,
,,,,,,
,,,,,,
,,,,,,
,,,,,,
,,,,,,
,,,,,,
,,,,,,
,,,,,,
,,,,,,
,,,,,,
,,,,,,
,,,,,,
,,,,,,
,,,,,,
,,,,,,
,,,,,,
,,,,,,
,,,,,,
,,,,,,
,,,,,,
,,,,,,
,,,,,,
,,,,,,
,,,,,,
,,,,,,
,,,,,,
,,,,,,
,,,,,,
,,,,,,
,,,,,,
,,,,,,
,,,,,,
,,,,,,
,,,,,,
,,,,,,
,,,,,,
,,,,,,
,,,,,,
,,,,,,
,,,,,,
,,,,,,
,,,,,,
,,,,,,
,,,,,,
,,,,,,
,,,,,,
,,,,,,
,,,,,,
,,,,,,
,,,,,,
,,,,,,
,,,,,,
,,,,,,
,,,,,,
,,,,,,
,,,,,,
,,,,,,
,,,,,,
,,,,,,
,,,,,,
,,,,,,
,,,,,,
,,,,,,
,,,,,,
,,,,,,
,,,,,,
,,,,,,
,,,,,,
,,,,,,
,,,,,,
,,,,,,
,,,,,,
,,,,,,
,,,,,,
,,,,,,
,,,,,,
,,,,,,
,,,,,,
,,,,,,
,,,,,,
,,,,,,
,,,,,,
,,,,,,
,,,,,,
,,,,,,
,,,,,,
,,,,,,
,,,,,,
,,,,,,
,,,,,,
,,,,,,
,,,,,,
,,,,,,
,,,,,,
,,,,,,
,,,,,,
,,,,,,
,,,,,,
,,,,,,
,,,,,,
,,,,,,
,,,,,,
,,,,,,
,,,,,,
,,,,,,
,,,,,,
,,,,,,
,,,,,,
,,,,,,
,,,,,,
,,,,,,
,,,,,,
,,,,,,
,,,,,,
,,,,,,
,,,,,,
,,,,,,
,,,,,,
,,,,,,
,,,,,,
,,,,,,
,,,,,,
,,,,,,
,,,,,,
,,,,,,
,,,,,,
,,,,,,
,,,,,,
,,,,,,
,,,,,,
,,,,,,
,,,,,,
,,,,,,
,,,,,,
,,,,,,
,,,,,,
,,,,,,
,,,,,,
,,,,,,
,,,,,,
,,,,,,
,,,,,,
,,,,,,
,,,,,,
,,,,,,
,,,,,,
,,,,,,
,,,,,,
,,,,,,
,,,,,,
,,,,,,
,,,,,,
,,,,,,
,,,,,,
,,,,,,
,,,,,,
,,,,,,
,,,,,,
,,,,,,
,,,,,,
,,,,,,
,,,,,,
,,,,,,
,,,,,,
,,,,,,
,,,,,,
,,,,,,
,,,,,,
,,,,,,
,,,,,,
,,,,,,
,,,,,,
,,,,,,
,,,,,,
,,,,,,
,,,,,,
,,,,,,
,,,,,,
,,,,,,
,,,,,,
,,,,,,
,,,,,,
,,,,,,
,,,,,,
,,,,,,
,,,,,,
,,,,,,
,,,,,,
,,,,,,
,,,,,,
,,,,,,
,,,,,,
,,,,,,
,,,,,,
,,,,,,
,,,,,,
,,,,,,
,,,,,,
,,,,,,
,,,,,,
,,,,,,
,,,,,,
,,,,,,
,,,,,,
,,,,,,
,,,,,,
,,,,,,
,,,,,,
,,,,,,
,,,,,,
,,,,,,
,,,,,,
,,,,,,
,,,,,,
,,,,,,
,,,,,,
,,,,,,
,,,,,,
,,,,,,
,,,,,,
,,,,,,
,,,,,,
,,,,,,
,,,,,,
,,,,,,
,,,,,,
,,,,,,
,,,,,,
,,,,,,
,,,,,,
,,,,,,
,,,,,,
,,,,,,
,,,,,,
,,,,,,
,,,,,,
,,,,,,
,,,,,,
,,,,,,
,,,,,,
,,,,,,
,,,,,,
,,,,,,
,,,,,,
,,,,,,
,,,,,,
,,,,,,
,,,,,,
,,,,,,
,,,,,,
,,,,,,
,,,,,,
,,,,,,
,,,,,,
,,,,,,
,,,,,,
,,,,,,
,,,,,,
,,,,,,
,,,,,,
,,,,,,
,,,,,,
,,,,,,
,,,,,,
,,,,,,
,,,,,,
,,,,,,
,,,,,,
,,,,,,
,,,,,,
,,,,,,
,,,,,,
,,,,,,
,,,,,,
,,,,,,
,,,,,,
,,,,,,
,,,,,,
,,,,,,
,,,,,,
,,,,,,
,,,,,,
,,,,,,
,,,,,,
,,,,,,
,,,,,,
,,,,,,
,,,,,,
,,,,,,
,,,,,,
,,,,,,
,,,,,,
,,,,,,
,,,,,,
,,,,,,
,,,,,,
,,,,,,
,,,,,,
,,,,,,
,,,,,,
,,,,,,
,,,,,,
,,,,,,
,,,,,,
,,,,,,
,,,,,,
,,,,,,
,,,,,,
,,,,,,
,,,,,,
,,,,,,
,,,,,,
,,,,,,
,,,,,,
,,,,,,
,,,,,,
,,,,,,
,,,,,,
,,,,,,
,,,,,,
,,,,,,
,,,,,,
,,,,,,
,,,,,,
,,,,,,
,,,,,,
,,,,,,
,,,,,,
,,,,,,
,,,,,,
,,,,,,
,,,,,,
,,,,,,
,,,,,,
,,,,,,
,,,,,,
,,,,,,
,,,,,,
,,,,,,
,,,,,,
,,,,,,
,,,,,,
,,,,,,
,,,,,,
,,,,,,
,,,,,,
,,,,,,
,,,,,,
,,,,,,
,,,,,,
,,,,,,
,,,,,,
,,,,,,
,,,,,,
,,,,,,
,,,,,,
,,,,,,
,,,,,,
,,,,,,
,,,,,,
,,,,,,
,,,,,,
,,,,,,
,,,,,,
,,,,,,
,,,,,,
,,,,,,
,,,,,,
,,,,,,
,,,,,,
,,,,,,
,,,,,,
,,,,,,
,,,,,,
,,,,,,
,,,,,,
,,,,,,
,,,,,,
,,,,,,
,,,,,,
,,,,,,
,,,,,,
,,,,,,
,,,,,,
,,,,,,
,,,,,,
,,,,,,
,,,,,,
,,,,,,
,,,,,,
,,,,,,
,,,,,,
,,,,,,
,,,,,,
,,,,,,
,,,,,,
,,,,,,
,,,,,,
,,,,,,
,,,,,,
,,,,,,
,,,,,,
,,,,,,
,,,,,,
,,,,,,
,,,,,,
,,,,,,
,,,,,,
,,,,,,
,,,,,,
,,,,,,
,,,,,,
,,,,,,
,,,,,,
,,,,,,
,,,,,,
,,,,,,
,,,,,,
,,,,,,
,,,,,,
,,,,,,
,,,,,,
,,,,,,
,,,,,,
,,,,,,
,,,,,,
,,,,,,
,,,,,,
,,,,,,
,,,,,,
,,,,,,
,,,,,,
,,,,,,
,,,,,,
,,,,,,
,,,,,,
,,,,,,
,,,,,,
,,,,,,
,,,,,,
,,,,,,
,,,,,,
,,,,,,
,,,,,,
,,,,,,
,,,,,,
,,,,,,
,,,,,,
,,,,,,
,,,,,,
,,,,,,
,,,,,,
,,,,,,
,,,,,,
,,,,,,
,,,,,,
,,,,,,
,,,,,,
,,,,,,
,,,,,,
,,,,,,
,,,,,,
,,,,,,
,,,,,,
,,,,,,
,,,,,,
,,,,,,
,,,,,,
,,,,,,
,,,,,,
,,,,,,
,,,,,,
,,,,,,
,,,,,,
,,,,,,
,,,,,,
,,,,,,
,,,,,,
,,,,,,
,,,,,,
,,,,,,
,,,,,,
,,,,,,
,,,,,,
,,,,,,
,,,,,,
,,,,,,
,,,,,,
,,,,,,
,,,,,,
,,,,,,
,,,,,,
,,,,,,
,,,,,,
,,,,,,
,,,,,,
,,,,,,
,,,,,,
,,,,,,
,,,,,,
,,,,,,
,,,,,,
,,,,,,
,,,,,,
,,,,,,
,,,,,,
,,,,,,
,,,,,,
,,,,,,
,,,,,,
,,,,,,
,,,,,,
,,,,,,
,,,,,,
,,,,,,
,,,,,,
,,,,,,
,,,,,,
,,,,,,
,,,,,,
,,,,,,
,,,,,,
,,,,,,
,,,,,,
,,,,,,
,,,,,,
,,,,,,
,,,,,,
,,,,,,
,,,,,,
,,,,,,
,,,,,,
,,,,,,
,,,,,,
,,,,,,
,,,,,,
,,,,,,
,,,,,,
,,,,,,
,,,,,,
,,,,,,
,,,,,,
,,,,,,
,,,,,,
,,,,,,
,,,,,,
,,,,,,
,,,,,,
,,,,,,
,,,,,,
,,,,,,
,,,,,,
,,,,,,
,,,,,,
,,,,,,
,,,,,,
,,,,,,
,,,,,,
,,,,,,
,,,,,,
,,,,,,
,,,,,,
,,,,,,
,,,,,,
,,,,,,
,,,,,,
,,,,,,
,,,,,,
,,,,,,
,,,,,,
,,,,,,
,,,,,,
,,,,,,
,,,,,,
,,,,,,
,,,,,,
,,,,,,
,,,,,,
,,,,,,
,,,,,,
,,,,,,
,,,,,,
,,,,,,
,,,,,,
,,,,,,
,,,,,,
,,,,,,
,,,,,,
,,,,,,
,,,,,,
,,,,,,
,,,,,,
,,,,,,
,,,,,,
,,,,,,
,,,,,,
,,,,,,
,,,,,,
,,,,,,
,,,,,,
,,,,,,
,,,,,,
,,,,,,
,,,,,,
,,,,,,
,,,,,,
,,,,,,
,,,,,,
,,,,,,
,,,,,,
,,,,,,
,,,,,,
,,,,,,
,,,,,,
,,,,,,
,,,,,,
,,,,,,
,,,,,,
,,,,,,
,,,,,,
,,,,,,
,,,,,,
,,,,,,
,,,,,,
,,,,,,
,,,,,,
,,,,,,
,,,,,,
,,,,,,
,,,,,,
,,,,,,
,,,,,,
,,,,,,
,,,,,,
,,,,,,
,,,,,,
,,,,,,
,,,,,,
,,,,,,
,,,,,,
,,,,,,
,,,,,,
,,,,,,
,,,,,,
,,,,,,
,,,,,,
,,,,,,
,,,,,,
,,,,,,
,,,,,,
,,,,,,
,,,,,,
,,,,,,
,,,,,,
,,,,,,
,,,,,,
,,,,,,
,,,,,,
,,,,,,
,,,,,,
,,,,,,
,,,,,,
,,,,,,
,,,,,,
,,,,,,
,,,,,,
,,,,,,
,,,,,,
,,,,,,
,,,,,,
,,,,,,
,,,,,,
,,,,,,
,,,,,,
,,,,,,
,,,,,,
,,,,,,
,,,,,,
,,,,,,
,,,,,,
,,,,,,
,,,,,,
,,,,,,
,,,,,,
,,,,,,
,,,,,,
,,,,,,
,,,,,,
,,,,,,
,,,,,,
,,,,,,
,,,,,,
,,,,,,
,,,,,,
,,,,,,
,,,,,,
,,,,,,
,,,,,,
,,,,,,
,,,,,,
,,,,,,
,,,,,,
,,,,,,
,,,,,,
,,,,,,
,,,,,,
,,,,,,
,,,,,,
,,,,,,
,,,,,,
,,,,,,
,,,,,,
,,,,,,
,,,,,,
,,,,,,
,,,,,,
,,,,,,
,,,,,,
,,,,,,
,,,,,,
,,,,,,
,,,,,,
,,,,,,
,,,,,,
,,,,,,
,,,,,,
,,,,,,
,,,,,,
,,,,,,
,,,,,,
,,,,,,
,,,,,,
,,,,,,
,,,,,,
,,,,,,
,,,,,,
,,,,,,
,,,,,,
,,,,,,
,,,,,,
,,,,,,
,,,,,,
,,,,,,
,,,,,,
,,,,,,
,,,,,,
,,,,,,
,,,,,,
,,,,,,
,,,,,,
,,,,,,
,,,,,,
,,,,,,
,,,,,,
,,,,,,
,,,,,,
,,,,,,
,,,,,,
,,,,,,
,,,,,,
,,,,,,
,,,,,,
,,,,,,
,,,,,,
,,,,,,
,,,,,,
,,,,,,
,,,,,,
,,,,,,
,,,,,,
,,,,,,
,,,,,,
,,,,,,
,,,,,,
,,,,,,
,,,,,,
,,,,,,
,,,,,,
,,,,,,
,,,,,,
,,,,,,
,,,,,,
,,,,,,
,,,,,,
,,,,,,
,,,,,,
,,,,,,
,,,,,,
,,,,,,
,,,,,,
,,,,,,
,,,,,,
,,,,,,
,,,,,,
,,,,,,
,,,,,,
,,,,,,
,,,,,,
,,,,,,
,,,,,,
,,,,,,
,,,,,,
,,,,,,
,,,,,,
,,,,,,
,,,,,,
,,,,,,
,,,,,,
,,,,,,
,,,,,,
,,,,,,
,,,,,,
,,,,,,
,,,,,,
,,,,,,
,,,,,,
,,,,,,
,,,,,,
,,,,,,
,,,,,,
,,,,,,
,,,,,,
,,,,,,
,,,,,,
,,,,,,
,,,,,,
,,,,,,
,,,,,,
,,,,,,
,,,,,,
,,,,,,
,,,,,,
,,,,,,
,,,,,,
,,,,,,
,,,,,,
,,,,,,
,,,,,,
,,,,,,
,,,,,,
,,,,,,
,,,,,,
,,,,,,
,,,,,,
,,,,,,
,,,,,,
,,,,,,
,,,,,,
,,,,,,
,,,,,,
,,,,,,
,,,,,,
,,,,,,
,,,,,,
,,,,,,
,,,,,,
,,,,,,
,,,,,,
,,,,,,
,,,,,,
,,,,,,
,,,,,,
,,,,,,
,,,,,,
,,,,,,
,,,,,,
,,,,,,
,,,,,,
,,,,,,
,,,,,,
,,,,,,
,,,,,,
,,,,,,
,,,,,,
,,,,,,
,,,,,,
,,,,,,
,,,,,,
,,,,,,
,,,,,,
,,,,,,
,,,,,,
,,,,,,
,,,,,,
,,,,,,
,,,,,,
,,,,,,
,,,,,,
,,,,,,
,,,,,,
,,,,,,
,,,,,,
,,,,,,
,,,,,,
,,,,,,
,,,,,,
,,,,,,
,,,,,,
,,,,,,
,,,,,,
,,,,,,
,,,,,,
,,,,,,
,,,,,,
,,,,,,
,,,,,,
,,,,,,
,,,,,,
,,,,,,
,,,,,,
,,,,,,
,,,,,,
,,,,,,
,,,,,,
,,,,,,
,,,,,,
,,,,,,
,,,,,,
,,,,,,
,,,,,,
,,,,,,
,,,,,,
,,,,,,
,,,,,,
,,,,,,
,,,,,,
,,,,,,
,,,,,,
,,,,,,
,,,,,,
,,,,,,
,,,,,,
,,,,,,
,,,,,,
,,,,,,
,,,,,,
,,,,,,
,,,,,,
,,,,,,
,,,,,,
,,,,,,
,,,,,,
,,,,,,
,,,,,,
,,,,,,
,,,,,,
,,,,,,
,,,,,,
,,,,,,
,,,,,,
,,,,,,
,,,,,,
,,,,,,
,,,,,,
,,,,,,
,,,,,,
,,,,,,
,,,,,,
,,,,,,
,,,,,,
,,,,,,
,,,,,,
,,,,,,
,,,,,,
,,,,,,
,,,,,,
,,,,,,
,,,,,,
,,,,,,
,,,,,,
,,,,,,
,,,,,,
,,,,,,
,,,,,,
,,,,,,
,,,,,,
,,,,,,
,,,,,,
,,,,,,
,,,,,,
,,,,,,
,,,,,,
,,,,,,
,,,,,,
,,,,,,
,,,,,,
,,,,,,
,,,,,,
,,,,,,
,,,,,,
,,,,,,
,,,,,,
,,,,,,
,,,,,,
,,,,,,
,,,,,,
,,,,,,
,,,,,,
,,,,,,
,,,,,,
,,,,,,
,,,,,,
,,,,,,
,,,,,,
,,,,,,
,,,,,,
,,,,,,
,,,,,,
,,,,,,
,,,,,,
,,,,,,
,,,,,,
,,,,,,
,,,,,,
,,,,,,
,,,,,,
,,,,,,
,,,,,,
,,,,,,
,,,,,,
,,,,,,
,,,,,,
,,,,,,
,,,,,,
,,,,,,
,,,,,,
,,,,,,
,,,,,,
,,,,,,
,,,,,,
,,,,,,
,,,,,,
,,,,,,
,,,,,,
,,,,,,
,,,,,,
,,,,,,
,,,,,,
,,,,,,
,,,,,,
,,,,,,
,,,,,,
,,,,,,
,,,,,,
,,,,,,
,,,,,,
,,,,,,
,,,,,,
,,,,,,
,,,,,,
,,,,,,
,,,,,,
,,,,,,
,,,,,,
,,,,,,
,,,,,,
,,,,,,
,,,,,,
,,,,,,
,,,,,,
,,,,,,
,,,,,,
,,,,,,
,,,,,,
,,,,,,
,,,,,,
,,,,,,
,,,,,,
,,,,,,
,,,,,,
,,,,,,
,,,,,,
,,,,,,
,,,,,,
,,,,,,
,,,,,,
,,,,,,
,,,,,,
,,,,,,
,,,,,,
,,,,,,
,,,,,,
,,,,,,
,,,,,,
,,,,,,
,,,,,,
,,,,,,
,,,,,,
,,,,,,
,,,,,,
,,,,,,
,,,,,,
,,,,,,
,,,,,,
,,,,,,
,,,,,,
,,,,,,
,,,,,,
,,,,,,
,,,,,,
,,,,,,
,,,,,,
,,,,,,
,,,,,,
,,,,,,
,,,,,,
,,,,,,
,,,,,,
,,,,,,
,,,,,,
,,,,,,
,,,,,,
,,,,,,
,,,,,,
,,,,,,
,,,,,,
,,,,,,
,,,,,,
,,,,,,
,,,,,,
,,,,,,
,,,,,,
,,,,,,
,,,,,,
,,,,,,
,,,,,,
,,,,,,
,,,,,,
,,,,,,
,,,,,,
,,,,,,
,,,,,,
,,,,,,
,,,,,,
,,,,,,
,,,,,,
,,,,,,
,,,,,,
,,,,,,
,,,,,,
,,,,,,
,,,,,,
,,,,,,
,,,,,,
,,,,,,
,,,,,,
,,,,,,
,,,,,,
,,,,,,
,,,,,,
,,,,,,
,,,,,,
,,,,,,
,,,,,,
,,,,,,
,,,,,,
,,,,,,
,,,,,,
,,,,,,
,,,,,,
,,,,,,
,,,,,,
,,,,,,
,,,,,,
,,,,,,
,,,,,,
,,,,,,
,,,,,,
,,,,,,
,,,,,,
,,,,,,
,,,,,,
,,,,,,
,,,,,,
,,,,,,
,,,,,,
,,,,,,
,,,,,,
,,,,,,
,,,,,,
,,,,,,
,,,,,,
,,,,,,
,,,,,,
,,,,,,
,,,,,,
,,,,,,
,,,,,,
,,,,,,
,,,,,,
,,,,,,
,,,,,,
,,,,,,
,,,,,,
,,,,,,
,,,,,,
,,,,,,
,,,,,,
,,,,,,
,,,,,,
,,,,,,
,,,,,,
,,,,,,
,,,,,,
,,,,,,
,,,,,,
,,,,,,
,,,,,,
,,,,,,
,,,,,,
,,,,,,
,,,,,,
,,,,,,
,,,,,,
,,,,,,
,,,,,,
,,,,,,
,,,,,,
,,,,,,
,,,,,,
,,,,,,
,,,,,,
,,,,,,
,,,,,,
,,,,,,
,,,,,,
,,,,,,
,,,,,,
,,,,,,
,,,,,,
,,,,,,
,,,,,,
,,,,,,
,,,,,,
,,,,,,
,,,,,,
,,,,,,
,,,,,,
,,,,,,
,,,,,,
,,,,,,
,,,,,,
,,,,,,
,,,,,,
,,,,,,
,,,,,,
,,,,,,
,,,,,,
,,,,,,
,,,,,,
,,,,,,
,,,,,,
,,,,,,
,,,,,,
,,,,,,
,,,,,,
,,,,,,
,,,,,,
,,,,,,
,,,,,,
,,,,,,
,,,,,,
,,,,,,
,,,,,,
,,,,,,
,,,,,,
,,,,,,
,,,,,,
,,,,,,
,,,,,,
,,,,,,
,,,,,,
,,,,,,
,,,,,,
,,,,,,
,,,,,,
,,,,,,
,,,,,,
,,,,,,
,,,,,,
,,,,,,
,,,,,,
,,,,,,
,,,,,,
,,,,,,
,,,,,,
,,,,,,
,,,,,,
,,,,,,
,,,,,,
,,,,,,
,,,,,,
,,,,,,
,,,,,,
,,,,,,
,,,,,,
,,,,,,
,,,,,,
,,,,,,
,,,,,,
,,,,,,
,,,,,,
,,,,,,
,,,,,,
,,,,,,
,,,,,,
,,,,,,
,,,,,,
,,,,,,
,,,,,,
,,,,,,
,,,,,,
,,,,,,
,,,,,,
,,,,,,
,,,,,,
,,,,,,
,,,,,,
,,,,,,
,,,,,,
,,,,,,
,,,,,,
,,,,,,
,,,,,,
,,,,,,
,,,,,,
,,,,,,
,,,,,,
,,,,,,
,,,,,,
,,,,,,
,,,,,,
,,,,,,
,,,,,,
,,,,,,
,,,,,,
,,,,,,
,,,,,,
,,,,,,
,,,,,,
,,,,,,
,,,,,,
,,,,,,
,,,,,,
,,,,,,
,,,,,,
,,,,,,
,,,,,,
,,,,,,
,,,,,,
,,,,,,
,,,,,,
,,,,,,
,,,,,,
,,,,,,
,,,,,,
,,,,,,
,,,,,,
,,,,,,
,,,,,,
,,,,,,
,,,,,,
,,,,,,
,,,,,,
,,,,,,
,,,,,,
,,,,,,
,,,,,,
,,,,,,
,,,,,,
,,,,,,
,,,,,,
,,,,,,
,,,,,,
,,,,,,
,,,,,,
,,,,,,
,,,,,,
,,,,,,
,,,,,,
,,,,,,
,,,,,,
,,,,,,
,,,,,,
,,,,,,
,,,,,,
,,,,,,
,,,,,,
,,,,,,
,,,,,,
,,,,,,
,,,,,,
,,,,,,
,,,,,,
,,,,,,
,,,,,,
,,,,,,
,,,,,,
,,,,,,
,,,,,,
,,,,,,
,,,,,,
,,,,,,
,,,,,,
,,,,,,
,,,,,,
,,,,,,
,,,,,,
,,,,,,
,,,,,,
,,,,,,
,,,,,,
,,,,,,
,,,,,,
,,,,,,
,,,,,,
,,,,,,
,,,,,,
,,,,,,
,,,,,,
,,,,,,
,,,,,,
,,,,,,
,,,,,,
,,,,,,
,,,,,,
,,,,,,
,,,,,,
,,,,,,
,,,,,,
,,,,,,
,,,,,,
,,,,,,
,,,,,,
,,,,,,
,,,,,,
,,,,,,
,,,,,,
,,,,,,
,,,,,,
,,,,,,
,,,,,,
,,,,,,
,,,,,,
,,,,,,
,,,,,,
,,,,,,
,,,,,,
,,,,,,
,,,,,,
,,,,,,
,,,,,,
,,,,,,
,,,,,,
,,,,,,
,,,,,,
,,,,,,
,,,,,,
,,,,,,
,,,,,,
,,,,,,
,,,,,,
,,,,,,
,,,,,,
,,,,,,
,,,,,,
,,,,,,
,,,,,,
,,,,,,
,,,,,,
,,,,,,
,,,,,,
,,,,,,
,,,,,,
,,,,,,
,,,,,,
,,,,,,
,,,,,,
,,,,,,
,,,,,,
,,,,,,
,,,,,,
,,,,,,
,,,,,,
,,,,,,
,,,,,,
,,,,,,
,,,,,,
,,,,,,
,,,,,,
,,,,,,
,,,,,,
,,,,,,
,,,,,,
,,,,,,
,,,,,,
,,,,,,
,,,,,,
,,,,,,
,,,,,,
,,,,,,
,,,,,,
,,,,,,
,,,,,,
,,,,,,
,,,,,,
,,,,,,
,,,,,,
,,,,,,
,,,,,,
,,,,,,
,,,,,,
,,,,,,
,,,,,,
,,,,,,
,,,,,,
,,,,,,
,,,,,,
,,,,,,
,,,,,,
,,,,,,
,,,,,,
,,,,,,
,,,,,,
,,,,,,
,,,,,,
,,,,,,
,,,,,,
,,,,,,
,,,,,,
,,,,,,
,,,,,,
,,,,,,
,,,,,,
,,,,,,
,,,,,,
,,,,,,
,,,,,,
,,,,,,
,,,,,,
,,,,,,
,,,,,,
,,,,,,
,,,,,,
,,,,,,
,,,,,,
,,,,,,
,,,,,,
,,,,,,
,,,,,,
,,,,,,
,,,,,,
,,,,,,
,,,,,,
,,,,,,
,,,,,,
,,,,,,
,,,,,,
,,,,,,
,,,,,,
,,,,,,
,,,,,,
,,,,,,
,,,,,,
,,,,,,
,,,,,,
,,,,,,
,,,,,,
,,,,,,
,,,,,,
,,,,,,
,,,,,,
,,,,,,
,,,,,,
,,,,,,
,,,,,,
,,,,,,
,,,,,,
,,,,,,
,,,,,,
,,,,,,
,,,,,,
,,,,,,
,,,,,,
,,,,,,
,,,,,,
,,,,,,
,,,,,,
,,,,,,
,,,,,,
,,,,,,
,,,,,,
,,,,,,
,,,,,,
,,,,,,
,,,,,,
,,,,,,
,,,,,,
,,,,,,
,,,,,,
,,,,,,
,,,,,,
,,,,,,
,,,,,,
,,,,,,
,,,,,,
,,,,,,
,,,,,,
,,,,,,
,,,,,,
,,,,,,
,,,,,,
,,,,,,
,,,,,,
,,,,,,
,,,,,,
,,,,,,
,,,,,,
,,,,,,
,,,,,,
,,,,,,
,,,,,,
,,,,,,
,,,,,,
,,,,,,
,,,,,,
,,,,,,
,,,,,,
,,,,,,
,,,,,,
,,,,,,
,,,,,,
,,,,,,
,,,,,,
,,,,,,
,,,,,,
,,,,,,
,,,,,,
,,,,,,
,,,,,,
,,,,,,
,,,,,,
,,,,,,
,,,,,,
,,,,,,
,,,,,,
,,,,,,
,,,,,,
,,,,,,
,,,,,,
,,,,,,
,,,,,,
,,,,,,
,,,,,,
,,,,,,
,,,,,,
,,,,,,
,,,,,,
,,,,,,
,,,,,,
,,,,,,
,,,,,,
,,,,,,
,,,,,,
,,,,,,
,,,,,,
,,,,,,
,,,,,,
,,,,,,
,,,,,,
,,,,,,
,,,,,,
,,,,,,
,,,,,,
,,,,,,
,,,,,,
,,,,,,
,,,,,,
,,,,,,
,,,,,,
,,,,,,
,,,,,,
,,,,,,
,,,,,,
,,,,,,
,,,,,,
,,,,,,
,,,,,,
,,,,,,
,,,,,,
,,,,,,
,,,,,,
,,,,,,
,,,,,,
,,,,,,
,,,,,,
,,,,,,
,,,,,,
,,,,,,
,,,,,,
,,,,,,
,,,,,,
,,,,,,
,,,,,,
,,,,,,
,,,,,,
,,,,,,
,,,,,,
,,,,,,
,,,,,,
,,,,,,
,,,,,,
,,,,,,
,,,,,,
,,,,,,
,,,,,,
,,,,,,
,,,,,,
,,,,,,
,,,,,,
,,,,,,
,,,,,,
,,,,,,
,,,,,,
,,,,,,
,,,,,,
,,,,,,
,,,,,,
,,,,,,
,,,,,,
,,,,,,
,,,,,,
,,,,,,
,,,,,,
,,,,,,
,,,,,,
,,,,,,
,,,,,,
,,,,,,
,,,,,,
,,,,,,
,,,,,,
,,,,,,
,,,,,,
,,,,,,
,,,,,,
,,,,,,
,,,,,,
,,,,,,
,,,,,,
,,,,,,
,,,,,,
,,,,,,
,,,,,,
,,,,,,
,,,,,,
,,,,,,
,,,,,,
,,,,,,
,,,,,,
,,,,,,
,,,,,,
,,,,,,
,,,,,,
,,,,,,
,,,,,,
,,,,,,
,,,,,,
,,,,,,
,,,,,,
,,,,,,
,,,,,,
,,,,,,
,,,,,,
,,,,,,
,,,,,,
,,,,,,
,,,,,,
,,,,,,
,,,,,,
,,,,,,
,,,,,,
,,,,,,
,,,,,,
,,,,,,
,,,,,,
,,,,,,
,,,,,,
,,,,,,
,,,,,,
,,,,,,
,,,,,,
,,,,,,
,,,,,,
,,,,,,
,,,,,,
,,,,,,
,,,,,,
,,,,,,
,,,,,,
,,,,,,
,,,,,,
,,,,,,
,,,,,,
,,,,,,
,,,,,,
,,,,,,
,,,,,,
,,,,,,
,,,,,,
,,,,,,
,,,,,,
,,,,,,
,,,,,,
,,,,,,
,,,,,,
,,,,,,
,,,,,,
,,,,,,
,,,,,,
,,,,,,
,,,,,,
,,,,,,
,,,,,,
,,,,,,
,,,,,,
,,,,,,
,,,,,,
,,,,,,
,,,,,,
,,,,,,
,,,,,,
,,,,,,
,,,,,,
,,,,,,
,,,,,,
,,,,,,
,,,,,,
,,,,,,
,,,,,,
,,,,,,
,,,,,,
,,,,,,
,,,,,,
,,,,,,
,,,,,,
,,,,,,
,,,,,,
,,,,,,
,,,,,,
,,,,,,
,,,,,,
,,,,,,
,,,,,,
,,,,,,
,,,,,,
,,,,,,
,,,,,,
,,,,,,
,,,,,,
,,,,,,
,,,,,,
,,,,,,
,,,,,,
,,,,,,
,,,,,,
,,,,,,
,,,,,,
,,,,,,
,,,,,,
,,,,,,
,,,,,,
,,,,,,
,,,,,,
,,,,,,
,,,,,,
,,,,,,
,,,,,,
,,,,,,
,,,,,,
,,,,,,
,,,,,,
,,,,,,
,,,,,,
,,,,,,
,,,,,,
,,,,,,
,,,,,,
,,,,,,
,,,,,,
,,,,,,
,,,,,,
,,,,,,
,,,,,,
,,,,,,
,,,,,,
,,,,,,
,,,,,,
,,,,,,
,,,,,,
,,,,,,
,,,,,,
,,,,,,
,,,,,,
,,,,,,
,,,,,,
,,,,,,
,,,,,,
,,,,,,
,,,,,,
,,,,,,
,,,,,,
,,,,,,
,,,,,,
,,,,,,
,,,,,,
,,,,,,
,,,,,,
,,,,,,
,,,,,,
,,,,,,
,,,,,,
,,,,,,
,,,,,,
,,,,,,
,,,,,,
,,,,,,
,,,,,,
,,,,,,
,,,,,,
,,,,,,
,,,,,,
,,,,,,
,,,,,,
,,,,,,
,,,,,,
,,,,,,
,,,,,,
,,,,,,
,,,,,,
,,,,,,
,,,,,,
,,,,,,
,,,,,,
,,,,,,
,,,,,,
,,,,,,
,,,,,,
,,,,,,
,,,,,,
,,,,,,
,,,,,,
,,,,,,
,,,,,,
,,,,,,
,,,,,,
,,,,,,
,,,,,,
,,,,,,
,,,,,,
,,,,,,
,,,,,,
,,,,,,
,,,,,,
,,,,,,
,,,,,,
,,,,,,
,,,,,,
,,,,,,
,,,,,,
,,,,,,
,,,,,,
,,,,,,
,,,,,,
,,,,,,
,,,,,,
,,,,,,
,,,,,,
,,,,,,
,,,,,,
,,,,,,
,,,,,,
,,,,,,
,,,,,,
,,,,,,
,,,,,,
,,,,,,
,,,,,,
,,,,,,
,,,,,,
,,,,,,
,,,,,,
,,,,,,
,,,,,,
,,,,,,
,,,,,,
,,,,,,
,,,,,,
,,,,,,
,,,,,,
,,,,,,
,,,,,,
,,,,,,
,,,,,,
