Begin Date,Begin Time,End Date,End Time,Alarm Tag,Alarm Id,Alarm Type,Alarm Priority,Description
,,,,EX_OEL_ACTV_b,EXC,Digital,1,"ALM, Over Excitation Limit Active,TG1"
,,,,ALM_Gen_AirClr_1,GEN,Digital,1,"ALM, Gen Air Cooler-1 Temp Hi,TG1"
,,,,ALM_Gen_AirClr_1,GEN,Digital,1,"ALM, Gen Air Cooler-1 Temp Hi,TG1"
,,,,CB_OPN_STS_TG1,BKR,Digital,1,"STS, Gen Circuit Breaker Open,TG1"
,,,,EX_OEL_ACTV_b,EXC,Digital,1,"ALM, Over Excitation Limit Active,TG1"
,,,,TRP_GOV_PLC_Fail_b,GOV,Digital,1,"TRP, Governor Panel PLC Fail,TG1"
,,,,ALM_Gen_AirClr_1,GEN,Digital,1,"ALM, Gen Air Cooler-1 Temp Hi,TG1"
,,,,ALM_Gen_AirClr_1,GEN,Digital,1,"ALM, Gen Air Cooler-1 Temp Hi,TG1"
,,,,EX_OEL_ACTV_b,EXC,Digital,1,"ALM, Over Excitation Limit Active,TG1"
,,,,ALM_Gen_AirClr_1,GEN,Digital,1,"ALM, Gen Air Cooler-1 Temp Hi,TG1"
,,,,ALM_Gen_AirClr_1,GEN,Digital,1,"ALM, Gen Air Cooler-1 Temp Hi,TG1"
,,,,EX_OEL_ACTV_b,EXC,Digital,1,"ALM, Over Excitation Limit Active,TG1"
,,,,EX_UEL_ACTV_b,EXC,Digital,1,"ALM, Under Excitation Limit Active,TG1"
,,,,EX_OEL_ACTV_b,EXC,Digital,1,"ALM, Over Excitation Limit Active,TG1"
,,,,ALM_Gen_AirClr_1,GEN,Digital,1,"ALM, Gen Air Cooler-1 Temp Hi,TG1"
,,,,TRP_GOV_PLC_Fail_b,GOV,Digital,1,"TRP, Governor Panel PLC Fail,TG1"
,,,,EX_OEL_ACTV_b,EXC,Digital,1,"ALM, Over Excitation Limit Active,TG1"
,,,,ALM_Gen_AirClr_1,GEN,Digital,1,"ALM, Gen Air Cooler-1 Temp Hi,TG1"
,,,,ALM_GB_OIL_NDE,GEN,Digital,1,"ALM, Guide Bearing Oil Temp Hi - NDE,TG1"
,,,,ALM_Gen_AirClr_1,GEN,Digital,1,"ALM, Gen Air Cooler-1 Temp Hi,TG1"
,,,,EX_OEL_ACTV_b,EXC,Digital,1,"ALM, Over Excitation Limit Active,TG1"
,,,,ALM_Gen_AirClr_1,GEN,Digital,1,"ALM, Gen Air Cooler-1 Temp Hi,TG1"
,,,,ALM_Gen_AirClr_1,GEN,Digital,1,"ALM, Gen Air Cooler-1 Temp Hi,TG1"
,,,,ALM_Gen_AirClr_1,GEN,Digital,1,"ALM, Gen Air Cooler-1 Temp Hi,TG1"
,,,,SF_EXEC_CURRENT,EXC,Digital,1,"Sensor Fail, Excitation Current,TG1"
,,,,ALM_Gen_AirClr_1,GEN,Digital,1,"ALM, Gen Air Cooler-1 Temp Hi,TG1"
,,,,TRP_GOV_PLC_Fail_b,GOV,Digital,1,"TRP, Governor Panel PLC Fail,TG1"
,,,,EX_OEL_ACTV_b,EXC,Digital,1,"ALM, Over Excitation Limit Active,TG1"
,,,,ALM_GenWdg_B2,GEN,Digital,1,"ALM, Gen Winding Temp Hi - Phase B2,TG1"
,,,,ALM_Gen_AirClr_1,GEN,Digital,1,"ALM, Gen Air Cooler-1 Temp Hi,TG1"
,,,,TRP_GOV_PLC_Fail_b,GOV,Digital,1,"TRP, Governor Panel PLC Fail,TG1"
,,,,EX_OEL_ACTV_b,EXC,Digital,1,"ALM, Over Excitation Limit Active,TG1"
,,,,ALM_GenWdg_Y1,GEN,Digital,1,"ALM, Gen Winding Temp Hi - Phase Y1,TG1"
,,,,EX_OEL_ACTV_b,EXC,Digital,1,"ALM, Over Excitation Limit Active,TG1"
,,,,ALM_Gen_AirClr_1,GEN,Digital,1,"ALM, Gen Air Cooler-1 Temp Hi,TG1"
,,,,TRP_EX_AVR_TRP_b,EXC,Digital,1,"TRP, AVR Tripped - Excitation Panel,TG1"
,,,,EX_OEL_ACTV_b,EXC,Digital,1,"ALM, Over Excitation Limit Active,TG1"
,,,,ALM_GenWdg_Y2,GEN,Digital,1,"ALM, Gen Winding Temp Hi - Phase Y2,TG1"
,,,,ALM_Gen_AirClr_1,GEN,Digital,1,"ALM, Gen Air Cooler-1 Temp Hi,TG1"
,,,,ALM_GB_OIL_DE,GEN,Digital,1,"ALM, Guide Bearing Oil Temp Hi - DE,TG1"
,,,,SF_EXEC_CURRENT,EXC,Digital,1,"Sensor Fail, Excitation Current,TG1"
,,,,ALM_Gen_AirClr_1,GEN,Digital,1,"ALM, Gen Air Cooler-1 Temp Hi,TG1"
,,,,TRP_GOV_PLC_Fail_b,GOV,Digital,1,"TRP, Governor Panel PLC Fail,TG1"
,,,,TRP_EX_AVR_TRP_b,EXC,Digital,1,"TRP, AVR Tripped - Excitation Panel,TG1"
,,,,ALM_Gen_AirClr_1,GEN,Digital,1,"ALM, Gen Air Cooler-1 Temp Hi,TG1"
,,,,EX_OEL_ACTV_b,EXC,Digital,1,"ALM, Over Excitation Limit Active,TG1"
,,,,ALM_CB_POS_FAIL_b,BKR,Digital,1,"ALM, Generator Circuit Bkr Position Unknown,TG1"
,,,,ALM_Gen_AirClr_1,GEN,Digital,1,"ALM, Gen Air Cooler-1 Temp Hi,TG1"
,,,,TRP_EX_AVR_TRP_b,EXC,Digital,1,"TRP, AVR Tripped - Excitation Panel,TG1"
,,,,EX_OEL_ACTV_b,EXC,Digital,1,"ALM, Over Excitation Limit Active,TG1"
,,,,ALM_LGB_OG_Lvl_Hi_b,GEN,Digital,1,"ALM, Oil Groove Level Hi - Lower Guide Bearing (NDE),TG1"
,,,,ALM_Gen_AirClr_1,GEN,Digital,1,"ALM, Gen Air Cooler-1 Temp Hi,TG1"
,,,,TRP_MIV_PLC_Fail_b,MIV,Digital,1,"TRP, MIV Panel PLC Fail,TG1"
,,,,ALM_TBT_Hi_b,GEN,Digital,1,"ALM, Thrust Bearing temp high,TG1"
,,,,TRP_GOV_PLC_Fail_b,GOV,Digital,1,"TRP, Governor Panel PLC Fail,TG1"
,,,,ALM_Gen_AirClr_1,GEN,Digital,1,"ALM, Gen Air Cooler-1 Temp Hi,TG1"
,,,,ALM_UGBT_DE_b,GEN,Digital,1,"ALM, Upper Guide Bearing temp high - DE,TG1"
,,,,ALM_Valve_Transmtr_FLT_b,U1,Digital,1,"ALM, Valve Transmitter Fault - MIV Panel,TG1"
,,,,ALM_Gen_AirClr_1,GEN,Digital,1,"ALM, Gen Air Cooler-1 Temp Hi,TG1"
,,,,TRP_GB_OIL_NDE,GEN,Digital,1,"TRP, Guide Bearing Oil Temp Hi - NDE,TG1"
,,,,SF_EXEC_CURRENT,EXC,Digital,1,"Sensor Fail, Excitation Current,TG1"
,,,,ALM_Gen_AirClr_1,GEN,Digital,1,"ALM, Gen Air Cooler-1 Temp Hi,TG1"
,,,,TRP_GOV_PLC_Fail_b,GOV,Digital,1,"TRP, Governor Panel PLC Fail,TG1"
,,,,TRP_Gen_AirClr_2,GEN,Digital,1,"TRP, Gen Air Cooler-2 Temp Hi,TG1"
,,,,ALM_Gen_AirClr_1,GEN,Digital,1,"ALM, Gen Air Cooler-1 Temp Hi,TG1"
,,,,TRP_GenWdg_B2,GEN,Digital,1,"TRP, Gen Winding Temp Hi - Phase B2,TG1"
,,,,EX_OEL_ACTV_b,EXC,Digital,1,"ALM, Over Excitation Limit Active,TG1"
,,,,TRP_GenWdg_R2,GEN,Digital,1,"TRP, Gen Winding Temp Hi - Phase R2,TG1"
,,,,ALM_Gen_AirClr_1,GEN,Digital,1,"ALM, Gen Air Cooler-1 Temp Hi,TG1"
,,,,TRP_EX_AVR_TRP_b,EXC,Digital,1,"TRP, AVR Tripped - Excitation Panel,TG1"
,,,,TRP_GenWdg_Y2,GEN,Digital,1,"TRP, Gen Winding Temp Hi - Phase Y2,TG1"
,,,,ALM_Gen_AirClr_1,GEN,Digital,1,"ALM, Gen Air Cooler-1 Temp Hi,TG1"
,,,,TRP_GB_2_DE,GEN,Digital,1,"TRP, Guide Bearing-2 Temp Hi - DE,TG1"
,,,,TRP_GB_OIL_DE,GEN,Digital,1,"TRP, Guide Bearing Oil Temp Hi - DE,TG1"
,,,,ALM_Gen_AirClr_1,GEN,Digital,1,"ALM, Gen Air Cooler-1 Temp Hi,TG1"
,,,,EX_OEL_ACTV_b,EXC,Digital,1,"ALM, Over Excitation Limit Active,TG1"
,,,,TRP_BT_Hi_b,GEN,Digital,1,"TRP, Bearing temp high,TG1"
,,,,ALM_Gen_AirClr_1,GEN,Digital,1,"ALM, Gen Air Cooler-1 Temp Hi,TG1"
,,,,TRP_GovOPEmg_Lowest_b,GOV,Digital,1,"TRP, Governor Oil Pressure Emergency (Lowest),TG1"
,,,,TRP_LGB_OG_Lvl_Low_b,GEN,Digital,1,"TRP, Oil Groove Level Low - Lower Guide Bearing (NDE),TG1"
,,,,ALM_Gen_AirClr_1,GEN,Digital,1,"ALM, Gen Air Cooler-1 Temp Hi,TG1"
,,,,UNIT_Shutdown,U1,Digital,1,"TRP, Unit Emergency Shutdown,TG1"
,,,,ALM_Gen_AirClr_1,GEN,Digital,1,"ALM, Gen Air Cooler-1 Temp Hi,TG1"
,,,,ALM_Gen_AirClr_1,GEN,Digital,1,"ALM, Gen Air Cooler-1 Temp Hi,TG1"
,,,,TRP_UGB_OG_Lvl_Low_b,GEN,Digital,1,"TRP, Oil Groove Level Low - Upper Guide Bearing (DE),TG1"
,,,,UNIT_Shutdown,U1,Digital,1,"TRP, Unit Emergency Shutdown,TG1"
,,,,ALM_Gen_AirClr_1,GEN,Digital,1,"ALM, Gen Air Cooler-1 Temp Hi,TG1"
,,,,TRP_EX_AVR_TRP_b,EXC,Digital,1,"TRP, AVR Tripped - Excitation Panel,TG1"
,,,,EMG_STP_PB_GRP_b,U1,Digital,1,"TRP, Emergency Pressed from Prot. Pnl - Control Room,TG1"
,,,,EX_OEL_ACTV_b,EXC,Digital,1,"ALM, Over Excitation Limit Active,TG1"
,,,,ALM_Gen_AirClr_1,GEN,Digital,1,"ALM, Gen Air Cooler-1 Temp Hi,TG1"
,,,,UNIT_Shutdown,U1,Digital,1,"TRP, Unit Emergency Shutdown,TG1"
,,,,ALM_Gen_AirClr_1,GEN,Digital,1,"ALM, Gen Air Cooler-1 Temp Hi,TG1"
,,,,ALM_MIV_FLT_OnLoad_b,MIV,Digital,1,"ALM, MIV Fault while Unit is running on Load,TG1"
,,,,UNIT_FAULT,U1,Digital,1,"TRP, Unit Fault - CB Tripped,TG1"
,,,,ALM_Gen_AirClr_1,GEN,Digital,1,"ALM, Gen Air Cooler-1 Temp Hi,TG1"
,,,,ALM_Brake_POS_FAIL_b,RPM,Digital,1,"ALM, Brake Position Unknown,TG1"
,,,,TRP_EX_AVR_TRP_b,EXC,Digital,1,"TRP, AVR Tripped - Excitation Panel,TG1"
,,,,ALM_Gen_AirClr_1,GEN,Digital,1,"ALM, Gen Air Cooler-1 Temp Hi,TG1"
,,,,UNIT_Shutdown,U1,Digital,1,"TRP, Unit Emergency Shutdown,TG1"
,,,,ALM_Gen_AirClr_1,GEN,Digital,1,"ALM, Gen Air Cooler-1 Temp Hi,TG1"
,,,,UNIT_FAULT,U1,Digital,1,"TRP, Unit Fault - CB Tripped,TG1"
